feature,mean_split_importance,std_split_importance,mean_gain_importance,std_gain_importance
pos_000_hold_current_ms,7.5,9.478762512876362,498.0829313221574,2109.379009889999
pos_081_hold_next_ms,4.6,8.116498692195307,416.5547498155013,1816.1545337084453
pos_125_hold_next_ms,2.2,5.166611805721463,339.7043351945002,2028.9302602045323
pos_004_hold_next_ms,3.44,6.8843507837911435,296.0577567941928,1543.136211735973
pos_156_hold_next_ms,1.52,2.573332628388046,295.6609157831967,1953.834151248904
pos_215_up_down_ms,0.24,1.0411924090450626,291.6157095003128,1483.9786254474805
pos_198_hold_current_ms,0.58,1.2791897946013502,289.8181508047879,2028.6794021771964
pos_058_hold_next_ms,1.84,3.66093553338376,278.59034124560657,1763.2833568236226
pos_145_hold_next_ms,2.52,4.858151155847378,268.4407341335155,1644.1888720891357
pos_001_hold_next_ms,4.92,6.936563873226206,255.2887379090581,1337.7377342649615
pos_189_up_up_ms,0.34,0.9171829096728299,232.52242647267877,1597.7788784040767
pos_138_hold_current_ms,0.2,0.6060915267313265,226.53486908733845,1158.5483339039447
pos_200_hold_current_ms,1.14,4.7809571238830575,219.50847595900296,1438.1319770352968
pos_078_hold_next_ms,1.42,2.755995320039864,218.77860133938492,1255.5843509521796
pos_044_hold_current_ms,0.28,0.7010196655077312,217.99899311542512,1517.8546439991578
pos_052_hold_next_ms,2.46,4.828529162959568,204.25663282603026,1166.340443234673
pos_103_hold_next_ms,1.54,2.851494416645992,202.6585286925733,1247.3079885978887
pos_133_hold_next_ms,1.98,3.893951353427151,200.93722571209074,944.8858999595707
pos_154_hold_next_ms,2.12,4.138618521355419,200.28901008099317,1191.589752464375
pos_004_up_up_ms,0.88,1.4518109732471431,197.5304829093814,1359.4496003535817
pos_120_hold_next_ms,1.88,4.6098386354511325,197.2133241508808,1134.5603317202401
pos_113_hold_next_ms,1.6,2.813959371941744,183.88394831672312,1272.8633622559348
pos_014_hold_next_ms,3.38,6.226637969897018,179.69655949097125,911.0947626687608
pos_044_up_up_ms,0.8,2.9965967090575756,178.05372450654744,1227.4472603319102
pos_175_hold_next_ms,1.1,2.3495548861997895,177.3914740586281,1090.473694475507
pos_162_hold_next_ms,1.28,2.099951408572909,168.6447296500043,923.767971187092
pos_081_hold_current_ms,0.12,0.4351870346207948,163.93191441595553,1158.4644350447904
pos_040_up_down_ms,0.34,1.099350457575485,160.6065534736216,1131.3999202454756
pos_021_down_up_ms,0.78,2.0828747794667772,156.20818812280893,1062.4906372968842
pos_111_up_up_ms,0.48,1.2493263490900257,155.05937715694307,1091.762002376154
pos_088_down_up_ms,1.28,4.973562760296913,153.54399304462598,995.1568285639462
pos_196_hold_next_ms,0.38,0.8780776777502463,151.44208741009234,1055.7101903077087
pos_141_down_down_ms,0.84,2.6369431900886875,149.4164697393775,1003.2602343093353
pos_138_hold_next_ms,2.06,3.644453431768135,148.9794205219671,907.7655189074687
pos_219_hold_current_ms,0.22,0.8400680244565232,142.97401348799468,1010.1571192765283
pos_099_hold_next_ms,1.6,2.6802375770419595,140.6656122252345,950.8648877679971
pos_034_hold_next_ms,2.56,4.056539190502371,140.40110142290592,858.4863720928935
pos_167_hold_current_ms,0.88,2.153686919433458,140.0501429194212,925.3749889527236
pos_102_hold_next_ms,2.06,4.21082182099448,139.7223240165692,549.7470537292993
pos_212_hold_next_ms,0.16,0.6180945043652554,132.80165848135948,897.118764558264
pos_092_hold_next_ms,1.58,2.339457463706018,130.82770855784418,829.37492606335
pos_199_hold_next_ms,0.3,0.9948848769417229,128.80174989715218,908.0575885442872
pos_168_up_down_ms,0.7,2.2062064587829284,126.71781344890594,880.9809775951368
pos_045_up_down_ms,0.74,1.411469056677894,125.3498833392933,545.2164535716493
pos_135_down_down_ms,0.9,2.3233508524700848,121.9634112238884,659.6851586944533
pos_088_hold_next_ms,2.52,5.253725597427145,121.6302780199796,692.3138034736223
pos_070_hold_next_ms,2.32,3.976666638155681,121.39735335052013,686.3723087973268
pos_068_hold_next_ms,1.96,3.4283333250655637,121.24417630270123,626.2991956045929
pos_110_hold_next_ms,1.88,2.9529646120466797,119.38443905053195,666.110335322585
pos_159_hold_next_ms,1.8,2.6186146828319083,115.74364528488368,655.653636392958
pos_142_hold_next_ms,2.02,3.053870077292024,114.61027626942843,677.8832113427736
pos_144_hold_next_ms,1.96,3.5568846722136733,114.00720611222089,662.339631210274
pos_057_hold_next_ms,2.46,4.362221864123458,112.49381510537118,698.5721376289608
pos_207_hold_next_ms,0.38,0.9452350965527583,111.24330423265695,779.1227866433638
pos_189_down_up_ms,0.46,2.4177067900076263,108.62624496692791,766.5058762570554
pos_152_down_up_ms,0.52,1.3130428906372638,108.03528382956982,578.0123680626606
pos_130_hold_next_ms,1.56,3.3512714614252403,107.12573600076139,653.4622824846582
pos_060_hold_next_ms,2.54,3.866179889603626,106.43953000035137,601.5257098490498
pos_114_down_up_ms,1.02,3.353280452917466,106.37767204999923,723.2814147045987
pos_199_down_down_ms,0.08,0.27404751561786966,103.2119582861662,729.4958179867162
pos_168_up_up_ms,0.42,1.6047124480156332,102.11654099032283,713.8466172564194
pos_119_hold_next_ms,2.22,4.545866029612363,100.77692184016108,561.317150942352
pos_069_up_up_ms,1.18,3.173165547499332,100.51468180283904,473.83066673917557
pos_069_hold_next_ms,1.8,4.9815987926179135,97.04972965441644,402.1688463475968
pos_143_hold_next_ms,1.56,3.17618690654472,96.39624668441712,546.3001321269481
pos_164_hold_current_ms,0.74,2.155297223690732,95.82171791538596,620.719867296488
pos_116_hold_next_ms,2.1,5.218686987887952,93.5953489695862,584.4752759597284
pos_129_up_down_ms,0.5,1.343920551587627,93.5261837437749,654.0712905996131
pos_206_up_down_ms,0.12,0.4351870346207948,93.50445115298032,659.8554301248562
pos_109_hold_next_ms,1.7,3.0321407538273037,93.3657404734008,555.7495670647872
pos_059_down_down_ms,1.32,2.342508684887958,93.0837599492073,553.8541449839404
pos_172_hold_next_ms,1.36,2.6860182198844105,92.69832413401454,589.8603090419342
pos_099_down_up_ms,0.44,1.1979574453278075,92.02108308643102,634.3678273522278
pos_148_up_down_ms,0.84,2.0440056711451335,91.43083994321525,539.1123183918625
pos_040_hold_next_ms,2.9,5.319390789117391,90.0453903889656,486.23434361040205
pos_088_up_up_ms,1.18,4.401715806457333,89.26048293828964,513.5124959433296
pos_197_up_up_ms,0.34,1.7096365528547706,89.0353536877036,626.2938213058676
pos_122_down_up_ms,0.8,2.1092604371762,88.94515948861837,587.1217914359048
pos_186_hold_next_ms,1.26,2.2570524394186577,88.75344586923718,463.0632022860968
pos_048_down_up_ms,0.82,2.191728420536576,88.20130968770711,610.7282194801211
pos_046_hold_next_ms,2.32,3.352976137641279,87.83771448593586,427.60804325924465
pos_049_down_down_ms,0.7,1.359021256460032,87.39423489674925,428.75870638291184
pos_182_hold_current_ms,0.92,2.546225698189862,85.59536888514646,537.7006046477725
pos_115_hold_next_ms,3.04,5.749747110676668,85.46186276290565,447.3569881397421
pos_089_hold_next_ms,2.4,4.823412290324037,85.1867376746796,478.38106925424944
pos_066_hold_next_ms,1.68,2.271743015072482,85.10455207660794,385.8568576192334
pos_095_up_up_ms,0.58,1.526500599945068,84.68533295050264,493.8258596862425
pos_146_hold_next_ms,1.34,2.3352664489850192,84.66003311038017,520.6725774464908
pos_031_hold_next_ms,1.3,2.1213203435596424,84.4155632904917,375.07565283598035
pos_037_down_down_ms,1.04,2.3470346031900404,82.70988976281136,428.4417970006629
pos_140_hold_next_ms,3.06,5.308483775994799,82.67087023269386,299.49293347600445
pos_118_down_up_ms,0.96,2.3031478015790405,81.2525485214591,471.7192770631343
pos_148_hold_next_ms,2.24,3.8362396554278972,80.57172751815058,390.91710879146757
pos_020_hold_next_ms,3.64,6.216370750375371,80.11338705349714,325.6259450494083
pos_008_hold_next_ms,1.96,3.93809235907075,79.62610223017633,373.826587723917
pos_095_hold_next_ms,2.84,4.648282544364626,79.14778215184808,369.31658308767686
pos_028_down_up_ms,0.32,0.8907689867497084,77.64382032573224,542.5079110858951
pos_037_up_down_ms,0.76,1.7327576228635775,76.96722520276904,474.45757131044735
pos_210_hold_next_ms,0.22,0.7365113574085852,76.83557749092579,536.9525932001385
pos_096_hold_next_ms,2.08,3.212475680841802,76.63705518873408,282.45442359882804
pos_209_up_down_ms,0.2,0.8081220356417685,76.45393631719053,539.3474427263453
pos_005_hold_next_ms,2.3,5.440775755012013,75.54808098413051,450.9675152122424
pos_085_hold_next_ms,1.04,1.8947833864673431,75.22031647391617,489.89666247315085
pos_121_hold_next_ms,2.16,4.661435357466274,75.02794365067035,310.4040369292297
pos_043_hold_current_ms,0.22,0.5066899385990914,74.53345197319985,523.9067714995518
pos_069_down_up_ms,1.14,2.5234411231571894,73.88840380430221,461.67004183384597
pos_112_hold_next_ms,1.94,5.156371133394696,72.88845163835212,337.5054103985755
pos_127_up_down_ms,0.96,1.6408061731841406,70.62992262020707,470.4265551329042
pos_010_up_up_ms,0.7,1.2975644374703534,70.40206488192081,470.510321512947
pos_010_hold_next_ms,2.56,4.6474043666264695,68.85973029527813,295.1805769082193
pos_130_up_down_ms,0.78,1.89833439345858,68.82508861601353,455.82859578847126
pos_098_hold_next_ms,2.46,4.253258054907162,67.45128047708423,294.84789215865766
pos_150_hold_next_ms,2.62,5.09457494571932,67.39747884266079,303.9598427683037
pos_170_hold_next_ms,0.76,1.77924542593603,67.26891386806965,452.2357091432005
pos_053_up_down_ms,0.22,0.581693516328638,66.8239114870131,466.2842961805474
pos_090_up_down_ms,0.68,2.0146402930061935,65.81919297352434,432.1491896798307
pos_002_hold_next_ms,2.42,3.48811392811505,63.44499196983874,303.4884230560646
pos_191_hold_current_ms,0.42,1.3715773728798235,62.90597284942865,433.7612234383907
pos_040_hold_current_ms,0.08,0.27404751561786966,62.84089084148407,442.1679788220241
pos_184_up_down_ms,0.5,1.2657175104763823,62.77905638057739,419.6537071850638
pos_036_hold_next_ms,3.12,4.410747541806379,62.13824882235378,215.93341157212424
pos_179_down_up_ms,0.38,0.8545197959278961,61.72808438509703,425.2427361352965
pos_064_hold_next_ms,1.18,2.1351289212139113,61.38727186761796,374.73511032208694
pos_013_down_up_ms,1.36,3.86908205112884,60.59162875600159,390.38553088895105
pos_022_down_up_ms,0.46,0.862128358263692,58.86945767402649,392.69388497332255
pos_044_hold_next_ms,2.06,3.798012369540636,58.84290359131992,239.5545623091326
pos_193_down_down_ms,0.28,0.7010196655077312,58.06770388543606,400.3005366228786
pos_135_hold_next_ms,2.38,5.728161723859921,57.99968854285777,181.6977341091088
pos_153_down_up_ms,0.46,2.022425296922646,57.379098135083915,402.27016997790747
pos_018_hold_next_ms,2.86,4.266671981289207,56.590765075907115,141.09937237001537
pos_182_hold_next_ms,0.66,1.4372592966177975,56.177642925158146,271.97442329267216
pos_139_down_down_ms,0.6,0.9689042833036098,56.14133770270273,356.4007505641005
pos_039_down_down_ms,1.1,3.4478623960420482,55.45694503068924,263.3845297690769
pos_109_down_down_ms,0.32,0.5869325309764041,55.412365214824675,380.2061474226152
pos_122_up_down_ms,0.7,1.4321384039831015,55.01389146871865,360.19982384538076
pos_122_down_down_ms,0.62,1.104536101718726,54.87175920650363,269.3328502834368
pos_177_down_up_ms,0.7,2.1404748662530997,54.49968779943883,364.80343745915343
pos_014_up_down_ms,0.48,1.2328828005937953,54.03191134627909,374.1992823895788
pos_138_up_down_ms,0.56,1.864381497265766,53.84471386270597,367.478486260081
pos_126_hold_next_ms,1.82,4.008613175630287,53.70720191963017,301.6033461624972
pos_139_down_up_ms,0.5,1.0738068841694934,53.6209830121696,352.48387978275576
pos_065_up_up_ms,0.3,0.8630747123996124,53.00464007809758,354.8131964204565
pos_157_hold_next_ms,3.4,5.41728149310244,52.996697279028595,225.43644090841096
pos_108_hold_next_ms,1.9,3.621083387324736,52.94898743186146,262.314618033374
pos_024_hold_next_ms,2.72,3.2453420309667185,52.9150467953831,156.54626522653433
pos_139_hold_next_ms,2.36,4.298837052040935,51.95920300588943,159.2200614311741
pos_184_hold_current_ms,0.8,2.449489742783178,51.85119477625005,325.2521983942906
pos_112_up_down_ms,0.74,1.7590581895678479,51.407612913809714,269.2217269889325
pos_116_down_down_ms,0.32,0.6833291853200799,51.194732312560085,344.7604363915362
pos_047_down_down_ms,1.36,2.4723780174610215,50.349845658224076,271.8243851526276
pos_071_hold_next_ms,2.54,6.061622332851368,50.28154554672539,241.31908187020704
pos_077_up_down_ms,0.78,2.597408441551867,49.53004874225706,309.9469012597705
pos_011_down_down_ms,0.48,1.0544366906997678,48.720883600637315,241.48417301587554
pos_062_hold_next_ms,3.06,4.613246234087938,48.67241209286032,112.46487881513433
pos_121_up_down_ms,0.88,2.6851063141647384,48.48102320957929,298.20104678543356
pos_012_hold_next_ms,2.36,4.889639192064321,47.784320427775384,208.86430097540025
pos_169_hold_current_ms,0.74,1.638939428099645,47.700873910170046,218.99279259106808
pos_171_up_down_ms,0.4,1.0497813183356477,47.25869741268456,320.42031999760025
pos_234_down_down_ms,0.14,0.4952838806674204,46.502014492154125,327.94756313593257
pos_016_hold_next_ms,1.9,3.9240233413772483,46.34006798908114,163.14043069521654
pos_054_up_down_ms,0.94,2.698525674572419,46.26471490235999,290.74721689292613
pos_151_up_up_ms,0.68,1.8999462935481481,46.15702091697604,317.2946025974022
pos_067_down_up_ms,0.66,1.4929767552901598,45.96956068861764,273.27055058338897
pos_051_hold_next_ms,2.3,4.243843079289413,45.88862477276474,213.15962363393254
pos_136_hold_next_ms,2.36,3.9731753609650293,45.234686874635514,120.0767470797567
pos_002_down_up_ms,0.94,3.019731032758395,45.21187162145972,298.0195155289939
pos_090_hold_next_ms,1.18,2.3878091743397802,45.06200978852809,195.3329856465255
pos_134_down_up_ms,0.58,1.3261883388885916,44.63406727433205,298.0034690551846
pos_101_hold_next_ms,2.34,4.326520023090622,44.19213090430945,201.82896937833198
pos_004_down_down_ms,1.48,3.955053600090881,44.13459949538112,170.9854655004163
pos_048_up_up_ms,0.64,1.2577920401745795,44.06552051208914,298.96123497391795
pos_093_up_down_ms,1.34,3.7011305498372757,43.89327752560377,258.9220084629894
pos_130_down_down_ms,0.54,1.1988089327089857,43.50729587785899,293.8395119397626
pos_035_hold_next_ms,1.58,2.7036634254964773,43.49219245694578,173.88429821334574
pos_258_up_down_ms,0.02,0.14142135623730948,43.43580078125,307.1374927868981
pos_000_hold_next_ms,3.98,5.9778161325258,43.34396567011252,109.65347778536507
pos_151_hold_next_ms,2.28,4.199319672790548,43.06605725449975,139.5008557649849
pos_043_hold_next_ms,2.78,4.9168182842989365,42.957858414500954,174.69369977228763
pos_053_hold_next_ms,2.24,3.4199892588445726,42.838662670440975,163.05295894345983
pos_006_up_up_ms,0.9,1.9404396724580177,42.754727034037934,236.8934999469124
pos_186_down_up_ms,0.2,0.4948716593053935,42.640652384161946,289.35122291827906
pos_049_hold_next_ms,2.2,4.314191105869,41.93784644331783,175.1249115560154
pos_127_hold_next_ms,2.0,5.054801717986896,41.7867222315073,181.9070738704305
pos_025_down_down_ms,0.4,0.9476070829586856,40.88037484943867,279.0808473563238
pos_128_up_up_ms,0.32,0.7406560798180412,40.843787814825774,282.61513018298723
pos_149_up_up_ms,0.48,1.2493263490900255,40.59447386741638,191.8168062864928
pos_000_down_up_ms,1.98,3.548440301234977,40.376049015410246,182.9337113938163
pos_062_up_up_ms,0.1,0.3642156795423418,40.077382373213766,267.52191123871586
pos_162_up_down_ms,0.7,2.525381361380527,39.543199254870416,247.75821205716608
pos_041_down_up_ms,0.68,1.2847615517666924,39.534988693892956,218.2704834873345
pos_009_hold_next_ms,2.94,4.933889470399844,39.30632452398539,119.34581997088027
pos_152_hold_next_ms,2.66,5.089444859667097,39.22559739733115,122.88754462052623
pos_091_hold_next_ms,1.48,2.383960005143217,39.18871546160895,158.91225611646553
pos_017_hold_next_ms,2.56,4.46830105137448,38.89192874792963,139.81369093379763
pos_160_hold_next_ms,1.0,1.7842851423995425,38.72733809873462,215.52449957073944
pos_104_hold_next_ms,2.16,4.301684530032203,38.65479111481923,170.15694937216742
pos_079_up_up_ms,0.48,0.7886956423909863,38.566861401870845,185.87077864966247
pos_022_up_up_ms,0.54,1.1466010106183493,38.56629300713539,229.05827151559896
pos_075_up_down_ms,1.18,3.2806793721510092,37.973876464143395,228.21906114943806
pos_181_up_down_ms,0.68,1.7313437037192134,37.75344989746809,211.00917712383895
pos_095_down_up_ms,0.66,2.095768331175749,36.816393888629975,247.4328955336218
pos_206_down_down_ms,0.24,1.286666314194023,36.51387044787407,250.86887296702537
pos_019_hold_next_ms,1.76,3.4496968219345456,36.44179399833083,150.93351513027216
pos_001_up_down_ms,1.0,3.404678653660852,36.23472093448043,229.07400537425417
pos_002_up_up_ms,0.48,1.1109841197270618,35.23942312851548,202.45008252330524
pos_041_up_up_ms,0.46,1.1104328995890729,34.765498966649176,242.73490751163106
pos_021_up_down_ms,0.72,2.0408081632489794,34.751917853504416,222.1577836449697
pos_220_hold_next_ms,0.06,0.31363569143000214,34.53714584350586,233.26736046732856
pos_167_up_down_ms,0.36,0.8514093957572194,34.46437381446361,165.23772085378042
pos_193_hold_next_ms,0.88,2.5765029297361135,34.30670953452587,187.93593917477412
pos_201_up_down_ms,0.62,1.9886412138822376,33.93590202968568,161.03761622023686
pos_160_up_up_ms,0.28,0.8339725439615101,33.59079457938671,207.120799580238
pos_017_up_down_ms,0.9,1.9086270308410556,33.41238452412188,193.0840334907917
pos_047_down_up_ms,0.86,1.5780380482208447,33.26732977084816,187.93064293112025
pos_076_up_down_ms,0.6,1.6536909861128892,33.19525406993925,226.6225898288452
pos_148_down_down_ms,0.56,1.7861142409243183,33.1061482141912,150.17907674498443
pos_035_down_up_ms,0.94,1.9837091623562984,32.65076115682721,214.48256195762303
pos_155_hold_next_ms,1.6,2.8066975291983574,32.615112848505376,107.83213515398447
pos_032_hold_next_ms,3.0,5.518059404522276,32.41751522528008,92.62807920440173
pos_049_up_up_ms,1.16,3.6497693525112807,32.28808350540697,143.63265837827248
pos_111_hold_next_ms,1.82,3.9779494256027257,32.04536504084244,103.27534376595632
pos_176_hold_current_ms,0.26,0.7507819053411952,31.859463200569152,217.9978255814851
pos_113_up_up_ms,0.3,0.6776309271789385,31.56242154374719,219.656268075578
pos_075_hold_next_ms,3.46,4.916486218295936,31.433690646253527,77.99047683625662
pos_061_hold_next_ms,2.58,4.160504286545964,31.26371626799926,83.65282623190988
pos_021_hold_next_ms,2.36,5.157756196214768,31.19745812756475,91.95167226373246
pos_142_up_down_ms,0.2,0.45175395145262565,31.14541440591216,206.54359412123105
pos_051_up_up_ms,0.46,0.8134080483135292,30.38436541609466,204.9459922984462
pos_000_down_down_ms,1.96,3.3500533044799665,30.167870930358767,92.60944941725192
pos_106_hold_next_ms,3.52,6.446767897677922,30.145381561294197,78.40807989865846
pos_084_up_up_ms,0.6,1.3093073414159542,29.77247538074851,143.1090997242535
pos_004_up_down_ms,2.04,5.653101009216814,29.536503241285683,123.8308513362026
pos_095_down_down_ms,0.64,2.3013749217831165,29.360399113744496,152.4788877834491
pos_195_up_down_ms,0.12,0.32826072265931594,29.12328195810318,202.71224130058712
pos_023_up_up_ms,0.78,2.0332943009524507,29.06899253934622,169.92585087065856
pos_203_up_down_ms,0.18,0.5602477586036451,28.973919159173967,134.81935322197336
pos_165_hold_next_ms,1.56,3.7041620275752813,28.82007202158682,117.15040505983274
pos_134_hold_next_ms,2.0,3.6589281356759136,28.787965490669013,127.07487683829463
pos_060_up_down_ms,0.92,2.5301447889520516,28.757954928725958,145.4540764386509
pos_063_up_down_ms,1.02,3.2229407283993776,28.680187017321586,164.90821759738827
pos_193_up_up_ms,0.3,0.6776309271789385,28.544588964283466,179.32751709308815
pos_087_hold_next_ms,2.04,5.001877198632937,28.34242200896144,116.08035075733288
pos_129_hold_next_ms,2.72,4.045859561556324,27.855623008273543,107.98254255555527
pos_042_hold_next_ms,2.54,5.883945642723988,27.786811426288914,57.0567989877288
pos_147_up_up_ms,0.18,0.38808793449160356,27.392567278295754,190.36697760541145
pos_115_down_down_ms,0.6,1.5779087167410373,26.96128754854202,173.23748797981906
pos_173_hold_current_ms,1.24,3.007202238979356,26.084378647357227,118.51031440330746
pos_003_hold_next_ms,2.38,3.80059071670686,26.054227285981177,118.11245174775996
pos_072_down_up_ms,0.42,1.126489943069504,25.94629639208317,143.62015015587014
pos_134_down_down_ms,0.36,0.7494215456345145,25.34817930109799,172.07791869901865
pos_084_hold_next_ms,1.84,3.019393100256664,25.291820520684123,101.22215674126042
pos_012_up_down_ms,0.54,1.7866854502007856,25.26222708851099,151.3540136310335
pos_120_down_up_ms,0.96,2.747614921182013,25.07780874028802,121.90778732968984
pos_064_down_down_ms,0.72,1.4988430912690287,25.075488490723075,165.7011553187717
pos_038_hold_next_ms,1.56,2.5084347505883398,25.00858965322375,90.85435447936618
pos_001_up_up_ms,1.42,3.283166714236331,24.800665617873893,85.50764614220614
pos_100_hold_next_ms,2.18,3.5207258064327633,24.74068720653653,70.05835788617189
pos_180_hold_next_ms,1.48,3.6435013436001804,24.579644190371038,105.60930662076517
pos_175_down_down_ms,0.64,1.3211003453367878,24.325718651860953,151.13159066087857
pos_027_hold_next_ms,3.04,5.386907787423513,24.29503545060754,63.76481446668017
pos_118_hold_next_ms,2.7,4.550173802466568,24.226411596387624,64.12807680361439
pos_107_hold_next_ms,2.08,3.109170110416959,24.17096176110208,59.49034296558015
pos_028_hold_next_ms,2.46,3.9806162993246383,24.12282751664519,80.96327583367751
pos_146_down_down_ms,0.24,0.5174505793221381,24.100095598101618,167.52178951048037
pos_129_down_down_ms,0.64,1.4813121596360825,23.680973126739264,149.29940040477584
pos_158_hold_next_ms,1.64,2.521418454046881,23.39766612879932,76.25065142828667
pos_022_up_down_ms,1.3,2.270035511724386,23.370539309531452,102.58955082767585
pos_076_hold_next_ms,2.52,4.077013713041266,23.30524599596858,75.30506076847881
pos_057_up_down_ms,0.64,1.3211003453367876,23.088076409846543,145.35602676245352
pos_055_hold_next_ms,1.54,3.004826050179401,22.83249862473458,72.52158214985538
pos_183_down_down_ms,0.38,0.9233921492109892,22.68438843972981,155.4977479930756
pos_147_hold_next_ms,2.04,3.9844596079452157,22.63448499314487,80.00130943308723
pos_056_down_down_ms,0.78,1.705812392488502,22.52057190861553,129.98308562062147
pos_023_hold_next_ms,3.1,5.607029116225818,22.458604356870055,67.7587968683317
pos_162_hold_current_ms,1.38,3.4516485265768897,22.231240955293178,86.42946667512983
pos_219_up_down_ms,0.08,0.27404751561786966,22.199209378957747,156.569602025336
pos_175_up_down_ms,0.52,1.2162169516453007,21.879882772006095,139.4008938787735
pos_164_down_down_ms,0.62,1.563486423323966,21.85066788315773,94.09557361742864
pos_036_down_down_ms,0.86,2.0001020382133774,21.68461484119296,110.2141012479705
pos_023_down_down_ms,0.86,1.666108750156165,21.59390746638179,129.21446570019936
pos_208_up_down_ms,0.12,0.3854496446637727,21.58392904996872,151.64140444460182
pos_162_up_up_ms,0.62,1.2759950099064348,21.58047939389944,122.02366606374501
pos_154_up_up_ms,0.54,1.9294706898155107,21.56553391739726,145.92133430466552
pos_003_up_up_ms,1.04,2.7991252277839096,21.488397051766515,125.02521766254834
pos_249_down_down_ms,0.02,0.14142135623730948,21.40340087890625,151.3448990192872
pos_048_hold_next_ms,2.14,3.9847156967183333,21.344077419620007,51.634384011639916
pos_025_hold_next_ms,1.36,1.9873066585461945,21.263880522027613,62.91175168165697
pos_234_up_up_ms,0.04,0.19794866372215741,21.143680916428565,149.4587561435813
pos_080_up_up_ms,0.54,1.5545850552084792,20.700384506583212,133.51208570126795
pos_056_up_down_ms,1.24,3.804186737621312,20.654001219309865,72.28297083742584
pos_005_up_up_ms,0.42,0.8592830423898611,20.584786184579134,101.43933071420915
pos_030_up_up_ms,0.9,3.327375628243462,20.574185157641768,95.34887403029317
pos_050_up_down_ms,0.62,1.3231070421163813,20.5030941529572,97.89303141630705
pos_005_down_up_ms,0.74,1.9775268000454405,20.499913387596607,88.44657484299809
pos_072_hold_next_ms,2.92,4.55281926560962,20.46091349683702,48.73655146464428
pos_026_up_down_ms,0.64,1.3211003453367878,20.244062326923014,123.08917133147501
pos_145_up_up_ms,0.72,2.6881447968775025,20.00208001382649,107.70329776091481
pos_001_down_up_ms,1.46,3.2464108910409646,19.919591251686214,84.77982015926847
pos_097_hold_next_ms,2.12,3.3481033314949147,19.864026776961982,56.05544548968329
pos_131_hold_next_ms,2.0,4.333071682315172,19.827343353405595,60.90267399601599
pos_072_up_down_ms,1.28,4.5805266607450195,19.680936187943445,103.00873158856851
pos_026_hold_next_ms,2.06,3.661214251572607,19.58742435213644,60.13560195818339
pos_124_down_down_ms,0.42,1.0707616972253435,19.455248582959175,128.13667620937477
pos_132_up_up_ms,1.0,3.6027200608338545,19.353986693322657,91.00477879624638
pos_105_hold_next_ms,1.44,2.7267383521006052,19.233402802236377,65.60597247456445
pos_122_up_up_ms,0.62,1.4831020992280652,19.142770090289414,115.72340518977886
pos_000_up_up_ms,2.24,6.358539172495775,19.011579483523963,56.4882441101503
pos_185_hold_next_ms,0.8,2.2677868380553634,18.98696147993207,114.87844016192471
pos_111_down_down_ms,0.96,1.999591795076879,18.981030074432493,113.2339647041112
pos_006_hold_next_ms,2.82,4.322178211249037,18.68656156130135,53.41935207950063
pos_002_down_down_ms,1.5,2.779296636906245,18.61242255948484,63.26263248647636
pos_168_hold_next_ms,1.12,2.172556098240043,18.49583010610193,92.63042920907014
pos_077_hold_next_ms,1.6,2.6186146828319083,18.216895040431993,56.72611532748864
pos_150_up_down_ms,0.64,2.02796771700747,18.178473770022393,93.93019217389981
pos_082_hold_next_ms,1.14,2.407556132390737,18.005316522940994,74.7022084252034
pos_108_up_down_ms,0.54,1.7866854502007856,17.719227668195963,99.56857919385101
pos_183_down_up_ms,0.44,1.5539285303871027,17.659797064960003,101.16325303847223
pos_017_down_down_ms,0.58,1.0515294982615968,17.65735409423709,105.35041970209576
pos_029_hold_next_ms,2.98,5.215714090073167,17.44360199403018,48.82278575767363
pos_060_down_down_ms,1.0,4.203982562732046,17.239800245650112,99.441600134299
pos_028_down_down_ms,0.52,0.9946797248873835,17.083945093676448,116.74393092427029
pos_189_up_down_ms,0.62,2.346425853444827,17.07869185298681,95.4556337314856
pos_079_hold_next_ms,1.48,3.704602763138453,16.97010622113943,44.76105314915324
pos_192_hold_next_ms,0.88,2.5765029297361135,16.908403513208032,112.24622123504095
pos_158_hold_current_ms,0.1,0.30304576336566325,16.90042426943779,119.20857685462782
pos_015_hold_next_ms,1.76,2.7446422762337894,16.840340645462273,62.333892185111694
pos_074_hold_next_ms,2.08,3.8056885456014977,16.838070180378853,51.77154512130856
pos_041_hold_next_ms,2.44,4.031306062733091,16.791130264773965,32.006874731470624
pos_093_hold_next_ms,2.18,5.648514343233474,16.770172971002758,44.23236269472767
pos_067_hold_next_ms,2.44,3.8606333412949696,16.742569707017392,54.7375171830274
pos_183_up_up_ms,0.94,2.8169313163114795,16.627065322846175,94.37322571871144
pos_197_up_down_ms,0.54,1.7286304594406874,16.622791364192963,90.68402094763327
pos_135_up_up_ms,0.28,0.7835033829029764,16.575686355531214,109.74597967383902
pos_123_hold_next_ms,1.58,2.9835603987620605,16.49981717184186,48.37986901287977
pos_022_hold_next_ms,1.9,3.394172677290492,16.483323808088898,40.36925875742606
pos_013_hold_next_ms,1.8,3.5109159221270017,16.42448581579607,66.29928110668327
pos_147_down_up_ms,0.7,1.940439672458018,16.323372378870843,71.92121745614982
pos_030_up_down_ms,0.7,1.7525491637693282,16.190830390155316,86.69095617609422
pos_148_hold_current_ms,0.24,0.5554920598635309,16.095534201860428,108.31140046931806
pos_016_up_down_ms,0.92,1.9778363771287746,16.034668369628488,75.99181227089328
pos_231_down_down_ms,0.1,0.41649656391752143,15.931005471348762,111.99455543007247
pos_000_up_down_ms,0.8,1.6035674514745464,15.896109813600779,90.99625187268187
pos_105_up_down_ms,0.46,1.0730463976122242,15.825995179712772,54.83453453987674
pos_094_hold_next_ms,2.16,3.5534404139524,15.736401950381696,43.03387324848402
pos_132_hold_next_ms,2.4,4.712120714991613,15.703155179545284,38.5444538238025
pos_037_hold_next_ms,2.12,4.192510328805745,15.665354218310677,48.99286163882254
pos_166_hold_current_ms,1.08,2.8127987369689067,15.614145076945425,55.27531056203481
pos_003_up_down_ms,0.76,1.5327712664001896,15.591145435348153,53.695073147491875
pos_063_up_up_ms,0.54,1.3881422029137374,15.543647915720939,97.89639515007254
pos_102_down_up_ms,0.42,1.3414886644078263,15.530782699733972,75.37008060877704
pos_088_down_down_ms,0.7,2.002549395553741,15.441863411068915,60.1321967442745
pos_137_hold_next_ms,2.06,3.8777755037060686,15.3326920023188,41.550297269398015
pos_080_hold_next_ms,2.16,4.1025626635266965,15.323589341752232,41.76992277448442
pos_190_down_down_ms,0.46,1.6928420734712044,15.141253920197487,99.94717336267891
pos_037_down_up_ms,0.96,2.0796389011517533,15.051400103792549,77.01802302969487
pos_054_hold_next_ms,1.58,3.0778338526453624,15.027482301034034,66.86637172303355
pos_017_hold_current_ms,0.34,0.7453255691854619,15.002634036764503,97.4403130643867
pos_007_hold_next_ms,1.82,2.446905584360686,14.983885352294893,33.452551504778526
pos_091_hold_current_ms,0.14,0.45220547975269754,14.938496603891254,91.19592308455002
pos_197_hold_next_ms,0.78,2.1217051286786357,14.855296706184745,55.446050197727075
pos_187_down_down_ms,0.42,1.1795883059053152,14.718424126803875,77.9156564955405
pos_138_down_up_ms,0.7,1.9086270308410556,14.64649562895298,88.71818615089391
pos_030_hold_next_ms,2.28,3.7418755528559773,14.420361851975322,31.99102585915348
pos_159_down_down_ms,0.52,1.446177226839287,14.338386266836897,88.49365878832977
pos_199_up_up_ms,0.08,0.27404751561786966,14.180650503635407,99.08131209123772
pos_164_hold_next_ms,1.6,3.619674131234265,14.160359259992838,44.56115543092784
pos_128_up_down_ms,0.2,0.5345224838248489,14.12083927989006,96.96020881415043
pos_156_down_down_ms,0.98,2.4452369360594464,14.026580204889179,61.32944520413084
pos_187_hold_next_ms,1.1,2.5575019699954504,13.978248951770365,63.263003426107694
pos_137_up_down_ms,0.74,2.1362756070759583,13.893496941626072,66.86459337782813
pos_016_hold_current_ms,0.3,0.6468132241526726,13.846251219660044,88.18174091558596
pos_188_hold_current_ms,1.28,3.31994590563258,13.81098224312067,42.65616163714246
pos_166_down_up_ms,0.42,1.0319389319061827,13.794626589585096,65.01786779203117
pos_161_hold_next_ms,1.78,3.4004201421084925,13.76479927258566,36.631429344708955
pos_163_hold_next_ms,1.26,2.671161178367252,13.757247252315283,46.038921720787876
pos_124_hold_next_ms,1.56,2.9427184433334244,13.672916341312229,43.56717495888263
pos_174_hold_current_ms,0.6,1.442786419766011,13.63327664449811,52.601315702764
pos_125_up_down_ms,1.12,3.7722942729369158,13.620489657223224,60.565685243086975
pos_087_hold_current_ms,0.34,0.8715456595811226,13.490303996801376,78.52349693196827
pos_059_hold_next_ms,2.04,3.8436802092552407,13.489026940725743,42.55865158535954
pos_229_down_down_ms,0.22,0.9321907486328829,13.437713198661804,88.0105245746416
pos_114_down_down_ms,0.56,1.311798889514171,13.386936941817403,55.04911664043869
pos_008_up_down_ms,1.0,1.9059520091609046,13.334531388888136,43.39957798621854
pos_166_up_down_ms,0.72,2.3736650383501274,13.187966066896916,58.308245807998006
pos_067_up_up_ms,0.86,2.8856435634898157,13.073922182805836,71.68976981288945
pos_100_down_up_ms,0.52,2.5970155555788197,13.040590166896582,91.00727025126007
pos_186_up_down_ms,0.76,2.7742253929001954,13.01504721403122,62.02342513688233
pos_036_up_down_ms,1.28,3.758201914832818,12.887718277275562,46.57772540170938
pos_170_hold_current_ms,1.02,2.699130623450629,12.844549782946705,38.26275589026983
pos_083_hold_next_ms,1.22,2.3843879974637057,12.818491959823296,54.05758653541076
pos_078_up_up_ms,0.72,2.250079363679678,12.740645186156035,60.4142984876157
pos_197_down_down_ms,0.3,0.8630747123996124,12.686848111003638,85.96393002071716
pos_050_hold_next_ms,1.94,3.7926351831744984,12.636572018843145,38.87966368050478
pos_047_hold_next_ms,1.96,4.412227906856219,12.576616770178079,40.31871391161369
pos_073_down_down_ms,0.58,1.6173800936536036,12.513919531404973,59.724695253085834
pos_021_up_up_ms,0.74,2.3802760944298638,12.406719110012055,76.33276230124854
pos_218_up_down_ms,0.06,0.2398979374820952,12.311717084050178,86.116661519639
pos_224_hold_next_ms,0.26,1.2906255404703122,12.253999401330947,75.36935193807211
pos_110_up_down_ms,1.78,4.532377850487737,12.204731969460845,42.398415319522634
pos_161_down_down_ms,1.48,3.9447200568013208,12.029671187512577,53.500993241628265
pos_140_down_up_ms,0.66,1.5065841889411116,12.019186847060919,57.93974325785465
pos_105_down_up_ms,1.06,2.9375124836903646,12.007799188047647,44.055936244094994
pos_187_hold_current_ms,0.84,2.8739505626810447,11.994925001636147,53.8522384938829
pos_114_hold_next_ms,1.62,3.0963441247341206,11.950844952166081,32.680211149417275
pos_179_up_down_ms,0.8,2.0800313969372906,11.851109748706222,42.079622829429596
pos_178_hold_current_ms,0.78,1.6449055552566803,11.849478822052479,46.71535765017175
pos_179_hold_current_ms,0.56,1.66794508792302,11.826492037773132,57.217596391541406
pos_193_down_up_ms,0.32,1.0583005244258363,11.816207603663207,79.30188995770293
pos_003_down_down_ms,0.92,1.5364948182570004,11.773385267127304,34.358903036202825
pos_007_up_up_ms,0.42,0.7309485031694875,11.729635958373546,79.50472035058418
pos_012_down_up_ms,1.02,4.1081799932747405,11.729315192773939,74.69365175781903
pos_098_up_down_ms,0.36,0.9638358739104571,11.722934224009514,71.5812937640362
pos_018_hold_current_ms,0.34,0.8715456595811224,11.69719738036394,72.65175893789709
pos_094_down_down_ms,0.46,1.0730463976122242,11.5184890525043,72.63875025387743
pos_146_up_up_ms,0.56,1.907664455156983,11.47063114888966,69.12086543072081
pos_167_down_up_ms,0.18,0.38808793449160356,11.366732153296471,59.64066390816719
pos_138_down_down_ms,0.66,1.3493762731464536,11.366068819090724,49.84002231337109
pos_002_hold_current_ms,0.52,0.8628382211737999,11.355885964632034,58.144402938377766
pos_168_hold_current_ms,0.44,1.592841127401869,11.35360088378191,71.77272482303937
pos_012_hold_current_ms,0.14,0.4045657788144656,11.3039794459939,55.502389028830486
pos_065_hold_next_ms,1.92,3.2440840976542304,11.170707851573825,29.553523141443364
pos_102_down_down_ms,0.48,1.2815806566860461,11.123262134306133,60.08947312897675
pos_202_down_up_ms,0.12,0.3854496446637727,11.094390930831432,59.13724444970749
pos_133_down_up_ms,0.98,2.7217191445924054,10.98102446809411,50.18242537965889
pos_127_up_up_ms,0.84,3.4425903868204495,10.960795858055354,70.05184391012948
pos_169_hold_next_ms,1.34,3.0075415412673823,10.900883520767092,41.753636931557715
pos_094_up_down_ms,1.66,4.0285207696916165,10.790725176036357,38.5562140587055
pos_033_hold_next_ms,2.22,4.097236500224939,10.707195742502808,26.62286866872506
pos_130_hold_current_ms,0.48,1.014989695333235,10.691561435461045,52.42032598687204
pos_205_hold_next_ms,0.32,1.3315634511692622,10.60981203019619,51.88327429619517
pos_199_hold_current_ms,0.86,4.375301738865842,10.273823437094688,48.92684818100379
pos_139_up_down_ms,0.86,2.2224274281670904,10.248137217462062,54.78930539589678
pos_171_hold_next_ms,1.08,2.2573236817261346,10.21104458624497,33.36650740569551
pos_174_up_up_ms,0.56,1.896936305451181,10.21090981900692,47.41327530588599
pos_153_hold_next_ms,1.84,4.220262106184633,10.084132652133704,26.437755929105588
pos_012_up_up_ms,1.12,2.8545702703859694,10.053127704709768,42.71226246170928
pos_144_down_up_ms,0.7,2.3321182453306437,10.049137308001518,43.37109571045644
pos_141_hold_current_ms,0.22,0.5066899385990914,10.036252928972244,37.593465955925495
pos_177_up_down_ms,0.9,2.697315369785601,10.015119709968566,56.01019156234719
pos_054_down_up_ms,0.82,1.8482203243517639,10.00064377784729,36.10544199769326
pos_158_down_down_ms,0.6,2.0898198340468275,9.950966317988932,63.40941408610219
pos_044_down_up_ms,0.38,1.383429633563055,9.908864057809115,63.52072817245876
pos_038_down_up_ms,0.82,2.1159260046473407,9.90402923077345,48.580935317341975
pos_172_up_down_ms,0.72,1.9798989873223327,9.812973909042775,52.56983696165682
pos_019_down_up_ms,0.88,2.607993990227206,9.752745074331761,33.36363726411185
pos_056_hold_next_ms,1.92,3.5273855728558843,9.6679548420012,23.102648972903562
pos_161_up_down_ms,0.9,2.251983252919207,9.65827336192131,35.81933321023587
pos_178_hold_next_ms,0.52,1.281580656686046,9.622153042890131,36.24363456816072
pos_074_down_down_ms,1.02,1.9534375770284902,9.581725476859138,42.413666283155564
pos_146_down_up_ms,0.4,0.880630571852711,9.556585508361458,52.4021080678546
pos_185_hold_current_ms,0.6,1.4427864197660112,9.511411843933166,34.76881465630786
pos_179_up_up_ms,0.68,2.9584883067581136,9.380724506750703,55.4496314869217
pos_135_down_up_ms,0.82,2.9602123475955477,9.363567244708538,54.38337306814181
pos_160_down_up_ms,0.7,2.1499881347560588,9.292163001315203,49.11898935227253
pos_072_up_up_ms,0.74,1.5624418356521046,9.28360083207488,44.701977057000676
pos_175_hold_current_ms,1.06,2.4024647208010936,9.281009791605175,34.18487745044329
pos_163_up_up_ms,0.74,1.7356995884151412,9.190744338035584,53.021747000392175
pos_042_up_up_ms,0.62,1.9047738094866071,9.184465029835701,44.30140310040106
pos_039_hold_next_ms,1.04,2.040008003185582,9.120008933208883,38.401921791021316
pos_059_up_down_ms,0.78,2.082874779466777,9.061210969239474,37.76239499013929
pos_058_up_down_ms,0.5,1.8433554143662771,9.045506312772632,53.98955574709589
pos_052_hold_current_ms,0.34,0.7722218143851188,9.014766003191472,52.50243706672946
pos_131_down_down_ms,0.7,1.9192898346492004,9.001629930138588,34.31248907043769
pos_054_hold_current_ms,0.3,0.6144518047887592,8.965374313294888,55.2124242077744
pos_043_up_down_ms,1.12,3.3420023327096495,8.901917140521109,44.26038299795164
pos_170_up_down_ms,0.9,2.6438222176173922,8.897388832126744,39.517972798745646
pos_030_down_down_ms,0.84,1.799773228345557,8.833748912811279,29.44096988272815
pos_086_hold_next_ms,1.82,3.6960541563308578,8.82106082227081,24.73740333805866
pos_004_down_up_ms,0.92,1.860875370049575,8.74659756809473,28.307513419922984
pos_181_hold_current_ms,0.96,2.35571385255129,8.730737355351447,29.788073405276435
pos_107_up_up_ms,0.74,1.9775268000454402,8.696674725189805,44.12458762181291
pos_074_up_up_ms,1.0,2.4578072191550357,8.650491724461316,22.16633327417184
pos_188_up_down_ms,0.72,1.9276717478209144,8.534550270885228,36.802636025970166
pos_027_up_up_ms,0.4,0.7284313590846836,8.474913905858994,51.987678875800576
pos_124_up_up_ms,0.86,2.4661793966227457,8.474318424761295,29.86716425144738
pos_121_down_down_ms,1.2,2.9067128499108286,8.441849421262742,30.966214144248358
pos_131_up_down_ms,0.9,2.9846546308251685,8.417782563567162,32.597835198721924
pos_149_down_down_ms,0.66,1.6488709804602912,8.406364196538926,22.601210744498367
pos_123_up_up_ms,0.48,1.86525699930851,8.391696478575469,39.036977584762674
pos_132_down_down_ms,0.7,2.7719439874188936,8.336964658498765,40.18112507415413
pos_068_hold_current_ms,0.34,0.8715456595811225,8.320839514434338,35.57920550806965
pos_005_down_down_ms,0.64,1.6383167070664517,8.315648921877147,34.25074232776241
pos_068_down_down_ms,0.82,2.6394959320882094,8.314404277130961,47.834688347586884
pos_081_up_down_ms,0.74,1.5883504471171161,8.290122420787812,27.385704748482528
pos_063_hold_next_ms,2.28,4.337967171806798,8.28640030356124,21.93610428558834
pos_089_up_up_ms,0.38,1.1408911661772232,8.249924130365253,50.89434102297654
pos_083_hold_current_ms,0.1,0.4164965639175215,8.245196793079376,53.144047777434295
pos_173_hold_next_ms,1.42,3.1304299763346717,8.242662397623063,24.37971818470117
pos_100_down_down_ms,0.54,1.1466010106183493,8.218751175105572,45.91743533941322
pos_104_down_down_ms,0.9,2.565469285152567,8.213184904307127,39.103800257730505
pos_181_up_up_ms,0.86,3.6589839115943272,8.185039669573307,36.076261930945726
pos_200_down_down_ms,0.26,1.174734012447073,8.170700230300426,57.27879307768211
pos_069_down_down_ms,1.08,3.1222702363138635,8.140825806967914,31.63640646748213
pos_140_up_down_ms,0.78,1.930316670647485,8.102518773823977,34.648567030229366
pos_132_down_up_ms,0.86,2.040508139995466,8.08542857721448,26.234656858119433
pos_045_hold_next_ms,1.26,2.4892421598977155,8.039618885591626,28.314744704007342
pos_149_hold_next_ms,1.02,2.1332164083603797,8.038590709343552,22.100984575791763
pos_198_hold_next_ms,0.72,2.4162713727846827,8.034505664184689,36.67953137997085
pos_088_up_down_ms,0.36,1.1911236334671902,8.016716723963619,53.87400263670814
pos_016_down_up_ms,0.9,2.58133014279895,7.999307705760002,28.842574790344802
pos_101_up_down_ms,0.64,2.932993177556306,7.936868019998074,45.13662514266782
pos_157_up_down_ms,0.78,1.5157674691086898,7.913820315226912,21.385154646004114
pos_214_hold_current_ms,0.28,1.9798989873223334,7.898673868179321,55.852058545705766
pos_073_hold_next_ms,1.2,2.1665358411575855,7.846266810595989,20.55699304793538
pos_012_down_down_ms,1.02,2.453568829277059,7.704054485410452,28.994431385730866
pos_165_hold_current_ms,0.06,0.23989793748209523,7.694024629592896,53.46759642638031
pos_035_down_down_ms,1.68,3.316255572239293,7.665784201323986,20.3415853822461
pos_141_hold_next_ms,1.38,2.870611113206612,7.663983486518264,24.98012353906673
pos_164_down_up_ms,0.34,0.9171829096728299,7.655232907831669,46.974381924840834
pos_123_down_down_ms,0.98,3.3042335243855674,7.644482206106186,36.9530852939305
pos_136_up_up_ms,0.86,2.6108877214230324,7.63449435532093,29.02692778029687
pos_205_hold_current_ms,0.58,2.1579468700312225,7.5191410665214065,33.451513156443035
pos_212_up_down_ms,0.3,1.0151907431108498,7.50753375723958,47.50172462415614
pos_197_hold_current_ms,0.48,2.2699456075475664,7.505477880146355,36.45036233817925
pos_220_down_down_ms,0.54,1.971325049041784,7.482520805895328,47.869823373822385
pos_034_down_up_ms,0.42,1.2303973142933986,7.448768754154444,43.738898371737264
pos_181_hold_next_ms,0.84,1.6703903979706818,7.441798621844501,26.013817974698167
pos_008_down_up_ms,1.24,3.3476156607718424,7.437230780273676,28.306894855338633
pos_204_down_up_ms,0.12,0.5938459911664722,7.411381134986877,50.626526916455695
pos_062_down_down_ms,0.34,0.7174216873994125,7.393641168251634,33.38680022660569
pos_157_up_up_ms,0.44,1.296148139681572,7.360822689831257,33.643156655410316
pos_105_down_down_ms,0.5,0.8630747123996122,7.284144287360832,36.870469374655585
pos_009_up_down_ms,0.76,1.7444957168541426,7.279788295198232,24.04797771518599
pos_152_up_down_ms,0.92,2.48948810409051,7.264376369677484,22.64431306323945
pos_004_hold_current_ms,0.36,0.8270922757788643,7.251219134666026,46.91735596371241
pos_107_up_down_ms,1.12,2.5526296964790913,7.238669588193297,24.574033224937136
pos_016_down_down_ms,0.6,1.212183053462653,7.225584401190281,37.5124772921574
pos_042_up_down_ms,0.76,2.209072203437452,7.185499200597405,27.967047859042175
pos_161_up_up_ms,0.74,1.7000600229499703,7.184807639718056,33.47371543610968
pos_010_down_down_ms,1.98,3.478740095646874,7.114459477439523,18.358063400619738
pos_031_up_down_ms,0.94,3.1519996892157724,7.096030395710841,25.89219984207275
pos_158_up_up_ms,0.66,1.891009880288027,7.082674031704665,32.69637838367075
pos_193_up_down_ms,0.94,3.066674060919805,7.043640720248223,24.17578942259909
pos_113_down_up_ms,0.68,2.9168056332297523,7.024140641093254,44.75156021122108
pos_057_down_up_ms,0.98,2.5594163875575147,6.920995081886649,24.06145581848164
pos_006_down_up_ms,0.62,1.6889798877501443,6.912804521284998,27.845974886828202
pos_158_down_up_ms,0.38,1.2270755012281376,6.878037654161453,32.646778542774015
pos_031_down_down_ms,0.72,1.990179973402057,6.856058214902878,24.14996413338797
pos_036_down_up_ms,0.94,2.4024647208010936,6.760344480127096,19.740511333865047
pos_087_up_up_ms,0.38,0.9665845613735584,6.750203574299812,30.00577432409113
pos_171_up_up_ms,0.74,2.126700999872136,6.727437951266766,36.845226872871415
pos_021_down_down_ms,1.04,1.7607975929292115,6.687914679124951,20.774325448421063
pos_122_hold_current_ms,0.3,0.6468132241526725,6.678989697098732,32.55724094726249
pos_048_down_down_ms,1.06,2.6985256745724193,6.6571285408735275,24.094002807565072
pos_040_down_down_ms,0.52,1.2328828005937953,6.65653244510293,24.10690834989402
pos_078_up_down_ms,0.64,1.9975495191941184,6.6107921731472015,29.64104497670275
pos_071_down_down_ms,0.7,2.0228288940723282,6.610510369800031,21.829824003381365
pos_170_up_up_ms,0.7,2.2337851101588413,6.604138942658901,25.490427280913732
pos_116_up_down_ms,0.46,1.5011560171265017,6.574724548533559,23.628412800182577
pos_166_hold_next_ms,1.36,2.4806187509883704,6.541060229688883,20.50158134745064
pos_190_down_up_ms,0.48,1.554978837050032,6.516818948462605,26.205021757851803
pos_177_hold_current_ms,0.72,2.166912597240976,6.5152111089229585,23.002068321710226
pos_030_down_up_ms,0.48,1.092460245388866,6.514422077685595,30.156979915079148
pos_088_hold_current_ms,0.28,0.83397254396151,6.508915053009987,21.902811700476267
pos_122_hold_next_ms,1.7,3.654742515847437,6.4917702157795425,18.053102145599095
pos_171_hold_current_ms,0.98,2.4618725244274144,6.490396631360054,18.97730975450134
pos_007_down_up_ms,1.02,2.3516385950295704,6.468138374350965,25.461834998098826
pos_033_down_down_ms,0.36,1.0253919111386494,6.460765581279993,26.51954616775767
pos_181_down_down_ms,0.94,2.198422439953203,6.460336555540562,27.650689726462836
pos_009_down_up_ms,0.34,0.8233827686279751,6.443990881443024,30.995449127796146
pos_032_up_up_ms,0.44,0.9930369826847296,6.423487139344215,39.15446068553342
pos_081_down_up_ms,0.92,2.354674031775602,6.418001311691478,29.70946881293438
pos_133_down_down_ms,0.94,2.3596090994147345,6.4150837096944455,33.21027852255389
pos_003_hold_current_ms,0.28,0.8091315576289314,6.407714226394892,35.41338309782958
pos_174_hold_next_ms,1.08,2.2932020212366986,6.390627835765481,29.803279709664373
pos_144_hold_current_ms,0.3,0.7626484465736652,6.37017071634531,21.42629456786942
pos_143_down_up_ms,0.76,2.1623871918199433,6.368927795439959,17.3230726068523
pos_119_down_down_ms,0.68,1.64676553725595,6.332540775984525,20.596942622216886
pos_106_down_up_ms,0.42,0.9278018789216865,6.2795309096574785,23.523019790955676
pos_009_up_up_ms,0.7,1.417816660091372,6.262760519683361,18.741795354122214
pos_011_down_up_ms,0.78,2.0029569977145982,6.2539355164766315,18.826394919776394
pos_043_down_down_ms,0.92,1.8826815439469224,6.245685510896147,29.83057070071974
pos_174_up_down_ms,0.54,1.7403963892851348,6.235152735821902,28.39487962234821
pos_037_hold_current_ms,0.44,0.7329003050503233,6.2277773758769035,29.21724062110782
pos_053_down_up_ms,0.68,1.7778684784118908,6.178384526111185,25.97210093936822
pos_149_down_up_ms,0.32,0.9354688882139943,6.1386423882842065,28.031593444389923
pos_153_up_up_ms,0.86,2.8284992775790676,6.118539003788028,28.430176298168227
pos_214_up_up_ms,0.2,0.9035079029052513,6.112072024941444,42.713376246398475
pos_160_up_down_ms,0.42,2.0212140219306263,6.101745847016573,36.61617227171261
pos_148_down_up_ms,0.8,1.8070158058105026,6.069437604546547,16.476929553211324
pos_089_up_down_ms,0.82,1.8482203243517634,6.053967108801007,17.981779953045862
pos_013_up_down_ms,1.06,2.393954972041719,6.037516978234053,18.28953855796773
pos_152_hold_current_ms,0.16,0.4677344441069971,6.03249089717865,26.307794320694093
pos_136_up_down_ms,0.68,2.151790901001455,6.023072204589844,20.321274633506935
pos_066_down_down_ms,0.66,1.002242383816593,5.981094137914479,29.4364365079074
pos_108_down_up_ms,0.54,1.4874989281422994,5.912447397997603,23.680413542459082
pos_047_up_down_ms,0.68,1.683533698589284,5.892287615444511,22.68968691542288
pos_107_down_up_ms,0.58,1.472052572264389,5.879702871646732,24.086013541479467
pos_046_down_down_ms,0.96,2.4740283600902013,5.8691317490488295,18.682026400655076
pos_082_down_down_ms,0.34,0.798212288268514,5.8613872271589935,39.56718388594743
pos_101_down_down_ms,0.38,0.9452350965527582,5.832403166294098,22.665707908839586
pos_110_down_down_ms,0.78,1.8215266080058972,5.760224137902259,21.6421992313502
pos_015_down_up_ms,0.42,0.8103916916390191,5.757202002480626,17.38555647156431
pos_010_down_up_ms,1.22,3.2343185258305365,5.750073926001787,16.946420513504435
pos_151_up_down_ms,1.06,3.846068758870437,5.744218433201313,26.60551684913206
pos_020_up_up_ms,0.56,1.342553157082369,5.743889498934149,25.253375566631444
pos_180_hold_current_ms,0.5,1.2163847404233143,5.736348492503166,20.093318059763497
pos_105_up_up_ms,0.76,2.2638237473760348,5.731359694488346,29.648532140375607
pos_107_hold_current_ms,0.9,1.7525491637693282,5.717141089364886,13.188324393856421
pos_179_hold_next_ms,0.46,1.0918996739440778,5.67444079041481,32.33936775075897
pos_065_up_down_ms,0.58,1.4155117341045798,5.661954660564661,17.946310508735873
pos_097_down_up_ms,0.28,0.8091315576289312,5.650595423877239,27.733702108364195
pos_073_up_up_ms,0.84,2.4357875983939556,5.648712165877223,21.108456857656783
pos_104_down_up_ms,0.64,1.4950257659372719,5.648272974789142,22.11102867113046
pos_223_hold_next_ms,0.16,0.6180945043652554,5.631687294095754,39.03421390187964
pos_133_up_down_ms,0.56,1.3726185313673502,5.625403613001108,19.072284265605468
pos_053_down_down_ms,0.52,0.9946797248873835,5.5974236075300725,26.291997320476966
pos_059_up_up_ms,0.8,1.6536909861128892,5.5756667876243595,15.536663796717196
pos_018_up_up_ms,0.44,1.1457107231864814,5.5664788514375685,31.43457893768982
pos_001_down_down_ms,1.02,2.428487393504064,5.513317196369171,23.970456240876235
pos_009_down_down_ms,0.5,0.9948848769417229,5.473840805515647,23.994775016237543
pos_151_down_down_ms,0.6,1.3552618543578767,5.444094744436443,24.680631628262795
pos_131_down_up_ms,0.46,1.4315682851691147,5.440119735002518,25.84465840327218
pos_028_up_up_ms,0.52,1.2493263490900253,5.426088994634338,19.634364105723687
pos_117_hold_next_ms,1.34,2.4628670864897044,5.406445783823728,13.422977778547855
pos_008_down_down_ms,0.96,1.615738916068422,5.403969360589981,17.12208438877398
pos_163_down_up_ms,0.56,1.3726185313673498,5.399181733429432,28.18552010166884
pos_050_up_up_ms,0.42,1.8636150955843311,5.385202570408583,22.514587145215074
pos_137_down_down_ms,1.02,4.846585164329834,5.362003232613206,27.507353128572454
pos_020_up_down_ms,0.8,2.0603150145508513,5.328675920050591,16.67490154215901
pos_187_up_down_ms,1.18,3.378745087654134,5.313392533361911,17.469894465551043
pos_083_up_down_ms,0.44,1.5140161485133452,5.3121567175537345,21.772531060260896
pos_140_down_down_ms,0.72,2.416271372784683,5.297457969551906,20.37576849213824
pos_188_hold_next_ms,0.42,0.7309485031694875,5.291327115371823,24.353696986334725
pos_104_up_down_ms,0.72,1.666476179590593,5.287751984521747,20.642966692415044
pos_120_down_down_ms,0.94,1.9939705031286041,5.286630050688982,27.01631281481245
pos_002_up_down_ms,0.44,1.7631141280618872,5.256542834732682,26.174499995086673
pos_164_up_up_ms,0.66,2.3699651250340272,5.254053469523788,32.49565288606769
pos_070_up_down_ms,1.06,2.6061935649447032,5.248328759074211,19.193480436544213
pos_010_up_down_ms,1.2,2.6802375770419595,5.24087416946888,20.54723758324246
pos_045_up_up_ms,0.66,2.446238261628057,5.235401227772236,24.11183066335121
pos_011_hold_next_ms,1.4,2.2406267344797315,5.194985658489168,15.384308215089355
pos_170_down_up_ms,0.98,2.80298674521974,5.18324337631464,22.39516149602825
pos_070_down_down_ms,0.78,2.0631855694235433,5.153598214834928,18.795547159535392
pos_121_up_up_ms,0.46,1.0538558938004565,5.146086489409209,23.06044398543251
pos_153_up_down_ms,0.86,2.871464107811376,5.102997252196073,27.652420009450882
pos_032_down_up_ms,0.86,2.555586118322618,5.101141117084771,16.558426212500407
pos_025_up_down_ms,0.34,0.8478062928547307,5.084922672612593,30.29881340587667
pos_216_up_up_ms,0.14,0.7561988724494884,5.048775907903909,34.89475106828916
pos_022_hold_current_ms,0.34,0.9606545387688246,5.036228373385966,25.61601156657867
pos_184_down_down_ms,0.2,0.5345224838248488,5.0237843161821365,32.06355896296409
pos_150_up_up_ms,0.52,1.9403344967256737,5.016054355204106,24.620681456726704
pos_159_up_down_ms,0.36,0.8270922757788645,4.9934430406242605,24.466412277402775
pos_003_down_up_ms,0.64,1.2081356863923414,4.986204893812538,22.589420850954205
pos_119_up_down_ms,0.74,1.712022315322807,4.9661676705628635,14.273058808270036
pos_212_down_up_ms,0.18,0.7475128829686359,4.961685185432434,25.025278080500275
pos_163_down_down_ms,0.48,1.3130428906372638,4.961247167289257,25.672482665613185
pos_103_down_up_ms,0.48,1.1109841197270618,4.956994325071573,21.259200822310508
pos_171_down_up_ms,0.46,1.1286618408630675,4.949402933269739,20.268503189491966
pos_135_up_down_ms,0.68,2.1706765615111516,4.938727552294731,18.63786874395827
pos_049_up_down_ms,0.7,2.002549395553741,4.929629358053208,16.421853005385902
pos_100_up_up_ms,0.4,1.3401187885209798,4.929358052462339,31.318354007447972
pos_017_down_up_ms,0.78,2.4099284433444934,4.905688168182969,20.547901873834917
pos_194_hold_next_ms,0.28,0.83397254396151,4.902381843626499,30.727914999668577
pos_135_hold_current_ms,0.2,0.6388765649999399,4.893550359010696,25.323531785026628
pos_013_down_down_ms,0.92,1.75940620781036,4.876246821507811,24.618293717443546
pos_175_down_up_ms,0.42,1.4298565648058437,4.866975880265236,22.95152701819253
pos_204_hold_next_ms,0.44,1.2480188381623745,4.855949809551239,25.42241383997345
pos_115_up_down_ms,0.8,2.415933503612538,4.85491925098002,19.064096916565898
pos_098_down_down_ms,0.86,1.8953218454814431,4.847719010859728,12.834494270017235
pos_065_down_up_ms,0.52,1.6318263212907012,4.844237804301083,24.343926389911754
pos_163_hold_current_ms,0.38,0.8053393251117374,4.841785750687122,25.97473529727168
pos_192_down_up_ms,0.18,0.43752550946038726,4.83232382953167,31.90077927551467
pos_052_up_down_ms,0.44,1.2148738071696743,4.829927040413022,22.12052948000964
pos_075_down_up_ms,0.58,1.6913947873073902,4.781837339401245,21.10649977998959
pos_096_down_down_ms,0.48,1.129204162592543,4.731445922553539,21.27049749349296
pos_131_hold_current_ms,0.18,0.5602477586036451,4.661187648773193,29.647788388083438
pos_194_hold_current_ms,0.36,1.083456298620488,4.65820178732276,22.633051229960525
pos_084_up_down_ms,0.48,1.1109841197270618,4.643258580565453,17.88909102210805
pos_103_up_up_ms,0.42,1.1082252773268269,4.6377806581556795,20.92516091362099
pos_128_down_down_ms,0.34,0.9171829096728299,4.637196673750878,24.26756796329906
pos_013_up_up_ms,0.8,1.9794866372215743,4.61828381665051,17.00889184459328
pos_059_down_up_ms,1.34,3.962116523644752,4.58689170755446,13.745042392969749
pos_017_up_up_ms,0.94,1.8888502063532766,4.565250120833516,15.21752043200148
pos_177_hold_next_ms,1.14,3.155882101209533,4.559783156253397,15.950788426276954
pos_058_down_up_ms,0.28,0.5728553615932406,4.529652560949326,27.03493789374826
pos_024_up_up_ms,0.44,1.0333223611442928,4.5174503234028816,19.7479560629423
pos_072_down_down_ms,0.58,1.263135069611177,4.505518277212977,13.290272265898656
pos_016_up_up_ms,0.76,1.3932783245984695,4.485975826978684,11.994691022527643
pos_058_down_down_ms,0.86,2.6573732619000334,4.473781962781214,12.703856614977777
pos_246_up_down_ms,0.06,0.2398979374820952,4.461181135177612,28.91742134442723
pos_161_down_up_ms,0.94,1.75441134961943,4.4559727608412505,13.489821675302387
pos_173_down_up_ms,0.64,2.708716090169448,4.422788185924292,29.67124094657474
pos_034_up_up_ms,0.44,1.763114128061887,4.4225722099840645,23.08064806366768
pos_153_hold_current_ms,0.28,0.6074369035848372,4.421642513871193,19.64588832063804
pos_068_down_up_ms,0.76,1.9119388599224694,4.416788781136274,21.84927357452144
pos_051_down_up_ms,0.66,1.3792929274058636,4.413377945907414,23.102737986403735
pos_014_down_up_ms,0.36,0.8020382198638971,4.4044288524985316,29.05476480636059
pos_112_hold_current_ms,0.22,0.7637180802642093,4.380369114503265,19.90989838976858
pos_103_up_down_ms,0.28,0.607436903584837,4.3688989013433455,22.662076836054403
pos_087_down_up_ms,0.6,1.5907898179514348,4.361063562780618,19.578275330662862
pos_074_down_up_ms,0.9,1.940439672458018,4.360281636491418,14.321186610902625
pos_161_hold_current_ms,0.48,1.3588710800678987,4.358432890400291,23.0743356190327
pos_189_hold_current_ms,0.6,1.4285714285714284,4.351313156783581,12.258476052502262
pos_038_up_up_ms,0.36,0.8020382198638972,4.350763466358185,18.96617381389244
pos_007_up_down_ms,0.72,1.457422942269354,4.334244609475136,17.38063012086727
pos_172_hold_current_ms,0.78,2.435201035157601,4.323100422173739,17.415616407146874
pos_212_down_down_ms,0.42,1.5130722901110973,4.3200646775960925,22.127286464658635
pos_111_up_down_ms,0.46,0.9940640146922743,4.317345576882363,17.0426492138222
pos_085_up_down_ms,0.76,2.2638237473760348,4.316954492628574,11.521997885230324
pos_042_down_up_ms,0.84,1.9831947016089457,4.293495572507381,12.028258195118644
pos_057_up_up_ms,0.46,0.9521190115972361,4.29115475654602,16.3004528929593
pos_086_up_down_ms,0.86,2.4908813291520673,4.261173693463206,12.70540664173892
pos_182_up_down_ms,0.34,1.022402133433308,4.242426231130958,17.82746091797835
pos_183_up_down_ms,0.36,0.7761758689832072,4.234345145560801,24.098673648150356
pos_008_up_up_ms,0.96,2.79912522778391,4.224674824178219,15.516260651905696
pos_113_down_down_ms,0.58,1.4440589054636863,4.2221684338152405,19.32392655003893
pos_043_down_up_ms,0.92,3.206116603224123,4.199144963398576,15.341061470161288
pos_077_hold_current_ms,0.18,0.48191793695522855,4.177581062912941,13.678071738185348
pos_043_up_up_ms,0.7,2.4264696787804327,4.169162293467671,13.473873931835623
pos_025_down_up_ms,0.48,1.7171404801504824,4.151928716301918,20.796625024183584
pos_143_down_down_ms,0.92,2.293202021236699,4.146029321681708,12.478124446830789
pos_172_up_up_ms,0.48,1.2493263490900255,4.141155461966991,21.59734439747074
pos_034_hold_current_ms,0.28,0.7570080742566726,4.099929619133473,20.226909632790274
pos_050_down_up_ms,0.72,1.6664761795905927,4.091941948756576,12.527535733027303
pos_075_up_up_ms,0.4,1.1248582677159733,4.0686904191970825,23.9106973073851
pos_050_down_down_ms,0.84,2.5019176318845298,4.064773495569825,14.72296607492499
pos_066_down_up_ms,0.38,0.8053393251117373,4.0638494457304475,14.232437930306652
pos_033_hold_current_ms,0.24,0.846601850858803,4.046887486726046,20.151117245358897
pos_157_hold_current_ms,0.12,0.3854496446637727,4.041295322179795,17.977984922452723
pos_116_hold_current_ms,0.14,0.5349041493385444,4.0390159764885905,27.038253569126518
pos_154_up_down_ms,0.54,1.265072394476026,4.02520636677742,15.948338983949622
pos_166_down_down_ms,0.72,2.5954434169544602,4.021768446229398,16.01816666425031
pos_196_up_up_ms,0.24,1.1349728037737832,3.995115336179733,25.309832349067527
pos_045_down_down_ms,0.62,1.2270755012281378,3.983384544849396,13.28528107024953
pos_015_down_down_ms,0.58,1.3715773728798235,3.9787380704283715,14.3708519659845
pos_084_down_up_ms,0.78,1.9197151149191332,3.967594597712159,11.181015169549175
pos_154_down_up_ms,0.6,1.5779087167410373,3.9646562088280914,13.268209111448892
pos_062_hold_current_ms,0.38,0.9665845613735582,3.959214976504445,16.222772546024643
pos_190_hold_current_ms,0.66,1.7096365528547712,3.9572492753341795,21.896900418328585
pos_079_up_down_ms,0.82,1.9239627473163883,3.9350811056979,11.657184544498394
pos_145_hold_current_ms,0.18,0.48191793695522867,3.9208579993247987,14.859324157093976
pos_120_up_down_ms,0.78,1.5686989279433488,3.8990096402913332,15.052968591461774
pos_038_down_down_ms,0.68,1.7778684784118908,3.8972595857083796,16.7909322641848
pos_114_up_down_ms,0.34,0.8233827686279751,3.893812802396715,22.086476528864054
pos_179_down_down_ms,0.52,1.3738074605910064,3.893128490447998,18.371630979924845
pos_180_down_down_ms,0.64,1.7351115943644544,3.886068441346288,17.640030833517304
pos_039_up_down_ms,0.66,2.7745931858452284,3.871604596078396,16.641679797853662
pos_108_down_down_ms,0.44,1.1807987611298185,3.8303629052639008,14.383776384774528
pos_199_down_up_ms,0.34,1.287459133490521,3.8224509990215303,23.57708238382729
pos_145_down_down_ms,0.3,0.5439837932759934,3.819088962972164,21.095450507801633
pos_183_hold_next_ms,0.7,1.3131983079178742,3.813363005332649,9.774717397877001
pos_175_up_up_ms,0.58,1.1967643452071854,3.799280146360397,13.32802814018132
pos_074_up_down_ms,0.76,1.901234829670186,3.7970989909023047,13.824043372637416
pos_126_up_down_ms,0.5,1.1823532398033463,3.785367964185425,17.0069762029248
pos_006_up_down_ms,0.3,0.7354021529276429,3.779727567359805,17.096349927771126
pos_195_up_up_ms,0.22,0.6788345354580985,3.7656278717517853,13.679630303187944
pos_031_down_up_ms,0.78,2.7795903383375746,3.7524597480893136,13.051189557922934
pos_180_up_down_ms,0.48,1.0924602453888663,3.7302985319495203,12.7885911539955
pos_101_down_up_ms,0.46,1.775226343717491,3.7018097925931217,16.08411831755603
pos_171_down_down_ms,0.54,1.2969351627304007,3.698583423495293,12.96390389150104
pos_051_up_down_ms,0.56,1.3874069191061695,3.685548883527517,13.061582651466718
pos_020_down_up_ms,0.72,1.3856406460551018,3.6840438278764487,12.709688330782503
pos_082_hold_current_ms,0.6,1.385051387833237,3.682626892141998,10.734779366742053
pos_126_down_down_ms,0.86,2.9555206040250037,3.68262649346143,19.980908309201986
pos_143_up_down_ms,0.9,2.9778090836679754,3.662918059378862,17.35847222440193
pos_078_down_up_ms,0.32,1.3468027142163057,3.656190957799554,25.14041587383148
pos_038_up_down_ms,0.72,1.4433521074645819,3.655845514088869,17.073761321656637
pos_191_up_down_ms,0.14,0.4522054797526976,3.650963125228882,23.981488368189723
pos_125_down_down_ms,0.48,1.26555626230572,3.6470959912240506,15.03703977732
pos_195_hold_current_ms,0.2,0.5345224838248487,3.643902756422758,16.02577516530802
pos_164_up_down_ms,0.66,1.5857786344729898,3.6428134577721356,14.709865204990445
pos_147_down_down_ms,0.56,2.1011172926685986,3.64122810902074,18.169158892742594
pos_053_up_up_ms,0.42,1.1082252773268269,3.6239775632787494,13.207530353332505
pos_018_down_down_ms,0.86,1.9692534584642654,3.6130926201492546,10.520109312175661
pos_108_up_up_ms,0.48,1.4176727120063175,3.598811922594905,16.607552708777654
pos_101_hold_current_ms,0.26,0.6942915931555924,3.592436892092228,14.789535751209604
pos_099_up_up_ms,0.36,1.5877078845085493,3.5887070389650764,19.77813026982287
pos_126_up_up_ms,0.9,3.8716657808193298,3.5875132049620153,16.838328642657682
pos_067_down_down_ms,0.74,1.382248980791073,3.5640785812586544,8.938028198600778
pos_069_up_down_ms,0.82,1.9026297590440449,3.561953718662262,13.990316202757311
pos_176_hold_next_ms,0.88,1.4518109732471427,3.542745479941368,8.007561508720238
pos_023_down_up_ms,0.5,1.4321384039831013,3.5368661027774215,17.951290189217826
pos_085_down_down_ms,0.4,0.6998542122237651,3.535727380942553,16.96042181587819
pos_027_up_down_ms,0.68,1.5177857126049628,3.5269847786054016,18.860268366178197
pos_112_down_down_ms,0.5,0.9948848769417228,3.5209532557427883,13.517170468286405
pos_134_up_up_ms,0.32,0.7406560798180413,3.4911531795561315,10.055123656213079
pos_024_up_down_ms,0.5,1.2975644374703539,3.4751804465055467,12.332715970118315
pos_091_down_up_ms,0.7,1.3887301496588271,3.466911407634616,11.34676423545197
pos_018_down_up_ms,0.72,1.7028187915144388,3.4623862093500795,9.851867855356755
pos_046_hold_current_ms,0.18,0.43752550946038726,3.4460190362576397,23.021966070959493
pos_019_up_down_ms,0.56,1.2480188381623745,3.435875406805426,9.95860574763487
pos_177_up_up_ms,0.96,3.2068803583316083,3.4299090265482666,14.887859998215792
pos_126_hold_current_ms,0.34,0.8715456595811225,3.4270880064368248,14.461603635131592
pos_192_up_up_ms,0.18,0.6605501726683938,3.419789469689131,19.40567443532768
pos_076_down_down_ms,0.74,2.3973624963228883,3.4143700640648604,12.946347522940183
pos_039_down_up_ms,0.56,1.3576690709161967,3.4033505341410635,11.794762308793041
pos_141_up_down_ms,0.58,1.7853142409042475,3.383024902008474,13.12474780297268
pos_001_hold_current_ms,0.26,0.5646020812962717,3.3776477953791617,12.090852287331442
pos_092_down_up_ms,0.66,2.3177223161314813,3.358196905851364,15.99029357929235
pos_007_hold_current_ms,0.22,0.5066899385990914,3.3501381903886793,12.415469326812314
pos_170_down_down_ms,0.66,1.648870980460291,3.3478919080644847,11.890833979376508
pos_077_down_up_ms,0.5,0.9741558354989898,3.312336204648018,8.432945132942267
pos_169_up_up_ms,0.56,2.5165574152976915,3.293012934885919,14.016314893848815
pos_148_up_up_ms,0.42,1.2468736413731027,3.2876868427544834,14.676149940693385
pos_178_up_down_ms,0.42,1.2136973364433967,3.285265895575285,15.306873553933197
pos_195_down_up_ms,0.4,1.795686441425219,3.252233965396881,17.54929284072108
pos_221_down_down_ms,0.2,0.6060915267313266,3.249110527038574,16.110908165145926
pos_085_up_up_ms,0.58,1.4010200365651957,3.2447824078798293,9.477052983944098
pos_150_down_down_ms,0.32,0.7677159338596802,3.241693530678749,10.993455318328932
pos_046_up_down_ms,0.56,1.3425531570823692,3.2230180440843106,9.22613146867827
pos_127_hold_current_ms,0.28,0.7295511619887831,3.2080690467357638,16.114242973709086
pos_117_down_up_ms,0.38,1.104536101718726,3.1978957456350328,15.124745328531443
pos_070_hold_current_ms,0.36,0.8270922757788646,3.196603543125093,11.399805747711518
pos_110_down_up_ms,0.48,1.554978837050032,3.188604189753532,13.501673136028053
pos_024_down_down_ms,0.5,2.032892781536815,3.1753410678356886,11.249383936543621
pos_093_up_up_ms,0.72,2.2500793636796774,3.1697827062010764,14.289001212979702
pos_162_down_down_ms,0.48,1.5680483124585423,3.1569098070263863,11.250144646843001
pos_211_up_down_ms,0.64,2.577453259735751,3.155821555480361,12.511869654133795
pos_196_down_up_ms,0.3,1.0926470386270253,3.13997972458601,19.4119784168677
pos_221_up_down_ms,0.5,3.252942153353057,3.132523821592331,21.67969676076593
pos_169_down_up_ms,0.62,2.221325215785774,3.1295208866521715,17.096817399000958
pos_123_down_up_ms,0.3,0.5802884574739972,3.120487227141857,10.08281352032288
pos_127_down_down_ms,0.66,1.287459133490521,3.0924986174120566,9.801011083786188
pos_128_hold_next_ms,1.1,2.501020200001656,3.089791599661112,8.992237044995283
pos_055_down_down_ms,0.58,1.4298565648058432,3.0609901314228773,7.7027227135659855
pos_078_down_down_ms,0.46,1.0143863129186705,3.0361851206421853,11.289439099130956
pos_165_up_down_ms,0.52,1.014989695333235,3.02356565117836,10.792116264856249
pos_118_up_up_ms,0.56,1.9604247769609646,3.0140851745009423,15.61466128272383
pos_096_up_down_ms,0.68,1.671367520252533,3.0087153545767067,9.00852532907193
pos_225_up_down_ms,0.36,2.545584412271572,3.007453396320343,21.26590690640629
pos_075_down_down_ms,0.52,1.0924602453888663,2.987187338843942,11.544562291393078
pos_076_down_up_ms,0.4,0.7824607964359516,2.9781503815948964,15.38454657316029
pos_046_up_up_ms,0.44,0.9071147352221454,2.9724778733961283,11.121380269437832
pos_156_up_down_ms,0.92,2.65606737067248,2.961070502102375,11.766869257818339
pos_066_up_up_ms,0.66,1.912472488797725,2.957489568218589,15.029430330866301
pos_040_down_up_ms,0.56,1.1095135907970055,2.9362753622233866,8.079735497398193
pos_155_up_down_ms,0.66,1.8693008624311163,2.9358644562959673,8.711193620531112
pos_232_up_down_ms,0.22,1.0159945363825456,2.9266006636619566,14.026253448116949
pos_190_up_up_ms,0.42,1.5530089293670777,2.9034561827778815,12.381040511979469
pos_166_up_up_ms,0.7,2.6438222176173922,2.898228901333641,11.432804321528305
pos_020_down_down_ms,0.58,0.9915973508044729,2.896553601725027,10.132325683845348
pos_198_down_down_ms,0.58,3.2644654530072077,2.8894806795939805,14.257291574410003
pos_036_up_up_ms,0.68,2.411198364096245,2.8876204727590085,13.655405817958213
pos_220_hold_current_ms,0.1,0.7071067811865477,2.8778233194351195,20.349283842293527
pos_183_hold_current_ms,0.66,2.3439892735005667,2.873256100267172,12.577707506582879
pos_117_up_down_ms,0.34,0.798212288268514,2.866817891150713,10.972300597824283
pos_190_hold_next_ms,0.26,0.7507819053411948,2.8549564427137373,13.456842498304074
pos_176_up_up_ms,0.56,1.4020393310154626,2.85425786331296,8.43582861536766
pos_176_down_down_ms,0.42,0.9278018789216868,2.8533528052829205,9.006479960318542
pos_049_down_up_ms,0.62,1.4269991347622621,2.8457838290929796,10.768618693290884
pos_123_up_down_ms,0.34,1.061573725894817,2.839023019000888,15.555945588701514
pos_014_up_up_ms,0.54,1.1104328995890729,2.8121413856558504,7.1520267321598805
pos_216_up_down_ms,0.06,0.3136356914300021,2.8031097251176833,19.818136259509473
pos_165_down_down_ms,0.52,1.2815806566860461,2.7789046381413938,10.948591383288708
pos_117_down_down_ms,0.58,1.7389886810019957,2.777696191370487,11.203754998610492
pos_006_down_down_ms,0.96,1.7138094576535803,2.7592948193848135,8.30803616469943
pos_077_down_down_ms,0.56,1.728040060004279,2.752674717158079,13.817162480232449
pos_211_down_down_ms,0.16,0.5841442371503107,2.742006071805954,17.74506423440145
pos_185_up_down_ms,0.38,0.9874725519305976,2.737622119449079,13.030091094578294
pos_022_down_down_ms,0.9,2.062789868313379,2.729363874308765,10.969413938934974
pos_062_up_down_ms,0.24,0.591090310445063,2.7125437593460084,10.854870614373015
pos_118_down_down_ms,0.74,1.396935421352244,2.7122928480803967,9.033397344844056
pos_169_down_down_ms,0.86,2.571507935283204,2.6993475967645644,10.766789853978532
pos_060_up_up_ms,0.5,0.9741558354989898,2.6950662678480146,8.71148514710173
pos_178_down_down_ms,0.34,0.5928141120356123,2.6937652909755707,12.824356224421846
pos_157_down_down_ms,0.44,1.214873807169674,2.691142522580922,10.183318375951998
pos_192_hold_current_ms,0.38,1.455320989910291,2.677781049013138,13.059447178038674
pos_026_down_down_ms,0.84,2.8238055087099063,2.6685107485949993,11.368429626997102
pos_034_down_down_ms,0.44,1.0528871870107588,2.6214010997861625,9.67266948455521
pos_172_down_up_ms,0.58,2.374094886606735,2.6079226347804068,9.232736970623247
pos_125_hold_current_ms,0.32,0.6207303137828695,2.6025450254976747,7.604155332927473
pos_079_down_down_ms,0.5,0.9529760045804525,2.601973079890013,9.320328768770784
pos_107_down_down_ms,0.82,1.6374444997605018,2.5896705420315267,6.918580319968338
pos_094_down_up_ms,0.78,1.940860318392389,2.5885535016655923,9.539025321011204
pos_201_hold_next_ms,0.56,1.592841127401869,2.5802977515012024,8.691399919713504
pos_007_down_down_ms,1.06,2.5427768847687533,2.573557537291199,9.308794207490823
pos_115_up_up_ms,0.36,0.7216760537322908,2.5702682326734068,11.042331711218624
pos_157_down_up_ms,0.34,0.7453255691854619,2.569839077591896,11.210998807672055
pos_147_up_down_ms,0.52,1.4602208387635016,2.5629263681173327,9.90699165511314
pos_064_up_down_ms,0.72,1.9695643359558956,2.559244220936671,7.4020567975108404
pos_025_up_up_ms,0.48,1.1471348514219846,2.552235978906974,10.098862862074705
pos_093_down_down_ms,0.56,1.4868127807151643,2.543897871747613,9.560204465290504
pos_080_down_up_ms,0.5,1.2494896917525646,2.533805891275406,13.337933129898977
pos_225_hold_current_ms,0.02,0.1414213562373095,2.5170799255371095,17.7984428413582
pos_156_up_up_ms,0.62,1.6523329209431896,2.505108187943697,8.960255004878
pos_137_down_up_ms,0.44,1.6308255077520384,2.504924313724041,11.420564135268311
pos_184_down_up_ms,0.42,1.0319389319061827,2.500786469411105,11.680199175379329
pos_081_up_up_ms,0.56,1.0528871870107588,2.496950864195824,7.137045533887408
pos_040_up_up_ms,0.62,1.9988772358705853,2.492443118803203,7.723247715970487
pos_011_up_up_ms,0.4,0.8571428571428572,2.4737574297562244,8.676105800372467
pos_079_hold_current_ms,0.14,0.40456577881446565,2.466889663860202,10.681604571128425
pos_150_down_up_ms,0.7,1.5286381827880497,2.462953172028065,8.273052431710806
pos_097_down_down_ms,0.48,1.787028088127073,2.4533074024319648,14.63739348935369
pos_024_hold_current_ms,0.24,0.8221425468536091,2.4526706421375275,8.346631952676692
pos_134_up_down_ms,0.22,0.5454823740581938,2.4339324927330015,11.959348463670437
pos_061_up_up_ms,0.58,1.310709419998754,2.432534339930862,5.684829328595002
pos_196_up_down_ms,0.32,0.8437041748704801,2.423408683091402,13.627827950482272
pos_167_hold_next_ms,0.7,1.705333769473332,2.418016031160951,6.901574921131197
pos_174_down_down_ms,0.44,2.01180191340388,2.4136712178587914,13.174684666357575
pos_083_down_up_ms,0.56,2.304919317725566,2.4086380195617676,8.51180017084452
pos_029_up_up_ms,0.66,2.2187512575449153,2.3995183739066124,9.39828799462516
pos_113_hold_current_ms,0.28,0.9697464427701223,2.3914651623368264,15.315181771766028
pos_090_down_down_ms,0.54,1.459801496150509,2.3846451026201247,7.683210845869974
pos_031_up_up_ms,0.68,2.351204641307541,2.3826614429056643,7.436875542170601
pos_100_up_down_ms,0.48,1.4032033323209914,2.3789659751206638,14.237300448503252
pos_035_up_down_ms,0.52,1.5417985786550905,2.371790552139282,9.690153658440012
pos_076_up_up_ms,0.44,1.0333223611442928,2.366359730362892,9.201528197159824
pos_142_down_up_ms,0.34,0.8715456595811226,2.3586586463451384,8.24267389182087
pos_077_up_up_ms,0.46,1.3584204512775049,2.3522114810347556,10.058895313144854
pos_066_up_down_ms,0.34,0.7174216873994126,2.3494375318661334,8.874224906475598
pos_144_up_down_ms,0.8,1.737932151513777,2.3456915403157472,10.273891520241074
pos_033_up_down_ms,0.52,1.281580656686046,2.3374587818980217,9.72301007266945
pos_061_down_up_ms,0.58,1.2136973364433967,2.3283070878032595,9.846930613269729
pos_055_up_up_ms,0.4,0.8806305718527109,2.32762347176671,8.988128342152235
pos_027_down_up_ms,0.64,1.8818141485800126,2.3244218933954834,7.34279524360018
pos_005_hold_current_ms,0.36,0.8020382198638973,2.323575689792633,8.565913788666828
pos_176_up_down_ms,0.5,1.2975644374703534,2.3172607025504113,8.428169485694859
pos_206_down_up_ms,0.16,0.7384484561897192,2.3164670515060424,12.3311917115347
pos_119_down_up_ms,0.64,1.7815379734994168,2.3111896757408976,7.697804167343866
pos_145_down_up_ms,0.24,1.0214035960982557,2.297960258945823,11.170307058066392
pos_024_down_up_ms,0.58,1.2950455038889006,2.2952870544604957,7.17393310657599
pos_055_up_down_ms,0.66,1.5065841889411116,2.2936258625984194,6.159066268896583
pos_138_up_up_ms,0.64,1.4813121596360823,2.2913091904856264,8.89114544675359
pos_178_down_up_ms,0.24,0.6565214453186319,2.276111436337233,13.356733842294464
pos_023_up_down_ms,0.56,1.0133798771981828,2.2717415326833725,6.674290931134155
pos_057_down_down_ms,0.56,1.327265102781364,2.2341856114566325,7.077698895563329
pos_037_up_up_ms,0.34,1.061573725894817,2.2290425443649293,10.86932015023677
pos_173_down_down_ms,0.88,2.438132440192363,2.2267123774811624,9.986548909535646
pos_028_up_down_ms,0.24,1.0411924090450628,2.2262010419368745,12.980839560191898
pos_023_hold_current_ms,0.18,0.4819179369552286,2.219561815261841,11.690598518711365
pos_149_up_down_ms,0.52,1.358871080067899,2.215862582474947,8.248280133952521
pos_167_up_up_ms,0.44,1.3874069191061698,2.214700154438615,13.53203773186575
pos_125_down_up_ms,0.42,0.7309485031694876,2.203138151075691,5.866682271072577
pos_156_down_up_ms,0.56,1.296148139681572,2.197703999876976,7.637251014060775
pos_011_up_down_ms,0.16,0.3703280399090206,2.1960532338917256,14.237022495781028
pos_174_down_up_ms,0.24,0.6869037302955033,2.1921592834591865,10.776134920355172
pos_195_hold_next_ms,0.46,1.6562805638304305,2.181070916801691,12.684246417152409
pos_200_hold_next_ms,0.16,0.42185208743524,2.17156907081604,13.900140307290403
pos_132_up_down_ms,0.6,1.7842851423995423,2.1498449350055306,6.1677729556995375
pos_052_up_up_ms,0.38,0.7253429871306345,2.1483371722698212,10.114498420597835
pos_080_up_down_ms,0.7,2.0627898683133785,2.133164574354887,10.439568652174477
pos_097_up_down_ms,0.58,1.5919440047582434,2.1237963417172434,6.603720489848898
pos_115_down_up_ms,0.6,1.3702375780893485,2.1168698484450577,7.109400557041534
pos_096_down_up_ms,0.42,0.8827138117585945,2.113980561196804,8.119696263648564
pos_125_up_up_ms,0.66,1.5200698157972743,2.099414053559303,6.718899022498207
pos_112_up_up_ms,0.44,1.1979574453278075,2.0947542515397073,7.8482837383255735
pos_130_up_up_ms,0.44,1.0333223611442928,2.086714546978474,7.6980915721966685
pos_071_up_up_ms,0.42,1.4858516420022614,2.081439797729254,11.1685273471771
pos_185_down_down_ms,0.26,1.0263865683820605,2.0774716037511824,11.910179883655822
pos_091_down_down_ms,0.34,0.8233827686279751,2.072836200594902,6.749176373329047
pos_190_up_down_ms,0.34,0.8478062928547309,2.0720303907990454,7.517368734326738
pos_063_down_up_ms,0.46,1.0918996739440778,2.060341963768005,6.413407203447138
pos_091_up_down_ms,0.3,0.6144518047887589,2.044218705818057,10.401639384570244
pos_089_down_down_ms,0.32,0.7938539422542745,2.0416834674030544,7.895338033251754
pos_124_down_up_ms,0.42,1.031938931906183,2.0254529258608818,11.7038605326739
pos_181_down_up_ms,0.58,1.5790723187223257,2.019478491805494,6.62820120214061
pos_019_up_up_ms,0.62,1.7010201021020008,2.011800342947245,6.043254138461988
pos_052_down_up_ms,0.68,1.856483399399224,2.002166360616684,6.646407969167374
pos_026_up_up_ms,0.7,2.1309191271680428,1.9864075739681721,7.031006759230352
pos_218_down_down_ms,0.2,1.2777531299998803,1.982126830816269,10.474661749003385
pos_019_hold_current_ms,0.18,0.4375255094603873,1.955015780031681,8.48432477667101
pos_028_hold_current_ms,0.2,0.5345224838248488,1.95393789768219,9.260442566635803
pos_201_hold_current_ms,0.52,3.118345977061086,1.9519256952404975,10.994344827627964
pos_056_down_up_ms,0.44,1.0720950308167838,1.9494000747799873,6.874700520675761
pos_035_up_up_ms,0.52,1.0924602453888663,1.9491534146852791,5.5230002916140934
pos_085_down_up_ms,0.58,1.3715773728798235,1.9441437389701606,7.636158228985684
pos_039_up_up_ms,0.38,1.307591648171304,1.903991309031844,9.332437878214174
pos_036_hold_current_ms,0.26,0.5646020812962715,1.9023584416508674,8.204849869680915
pos_025_hold_current_ms,0.34,0.5928141120356123,1.896595070809126,5.958161196340861
pos_027_down_down_ms,0.68,1.3005493344846906,1.8947141325473786,4.940310363616421
pos_177_down_down_ms,0.6,1.761261143705422,1.8937506964616477,6.658857240486322
pos_191_hold_next_ms,0.68,1.5706491573582573,1.8905673753470182,5.767158914074534
pos_099_hold_current_ms,0.48,1.0349011586442762,1.8869790125638246,5.861793392829111
pos_054_down_down_ms,0.64,1.4107459309289727,1.8822618159651756,5.692053775167525
pos_054_up_up_ms,0.4,1.1952286093343936,1.8731958432868123,7.857183791625782
pos_034_up_down_ms,0.22,0.46467017049401693,1.850342195034027,8.367938791753588
pos_073_down_up_ms,0.38,0.8545197959278962,1.8486478752084077,6.00464163944133
pos_189_hold_next_ms,0.64,2.371256448142449,1.84573016859591,8.509988473777671
pos_060_down_up_ms,0.56,0.951046684405328,1.8437049447000027,7.045801740686253
pos_005_up_down_ms,0.38,1.36859826994257,1.823761350363493,8.435097622620392
pos_026_down_up_ms,0.38,1.0079277589921505,1.8226118674874305,6.33811164593884
pos_091_up_up_ms,0.44,1.0909647481163876,1.8051053077727557,6.849511955548701
pos_068_up_up_ms,0.36,1.6005101227612477,1.8041233143210411,7.486669327939723
pos_048_up_down_ms,0.72,1.7847425927704474,1.8036321725696325,9.12116004070303
pos_118_up_down_ms,0.6,1.52529689314733,1.8026281337440013,5.4251327618057195
pos_204_down_down_ms,0.24,0.8466018508588029,1.7960079336166381,9.274224592512558
pos_127_down_up_ms,0.38,1.0476406924170918,1.793726600036025,7.715955767292858
pos_067_up_down_ms,0.62,0.9233921492109892,1.7934968886803835,6.310254605747726
pos_082_up_down_ms,0.3,0.762648446573665,1.7924848380684852,6.710136774067098
pos_151_down_up_ms,0.6,1.6903085094570331,1.7894528697617351,5.405685581780691
pos_192_up_down_ms,0.24,0.6246631745450129,1.7880317601002753,9.034699490340682
pos_218_hold_next_ms,0.14,0.857380919321352,1.7833475947380066,12.318135534222364
pos_008_hold_current_ms,0.54,1.1286618408630675,1.7782108775526284,7.974577081402017
pos_116_up_up_ms,0.62,2.0492905691323267,1.774801517724991,5.757076653876541
pos_209_hold_current_ms,0.4,2.2857142857142856,1.761685426235199,10.367049080097134
pos_154_down_down_ms,0.52,1.297407147399169,1.761113503575325,9.211523500765196
pos_092_up_down_ms,0.46,1.7286304594406876,1.74174754999578,8.76240951152941
pos_208_hold_next_ms,0.44,1.7746514460879468,1.7387133938074113,8.003342975744243
pos_094_up_up_ms,0.46,1.2488361929151055,1.7347458684444428,5.800638369703129
pos_140_up_up_ms,0.44,1.728040060004279,1.7257377586513758,8.793981541654665
pos_098_down_up_ms,0.5,1.2975644374703537,1.7178975605964661,8.363818150289017
pos_071_up_down_ms,0.58,1.4720525722643891,1.6890176998078823,5.568939794339393
pos_194_up_up_ms,0.18,0.48191793695522855,1.686634715795517,9.856132556633982
pos_121_down_up_ms,0.52,1.4461772268392874,1.677434304319322,9.643854299896265
pos_051_down_down_ms,0.44,1.3272651027813638,1.6743924978375435,8.909593416838783
pos_165_up_up_ms,0.38,0.9452350965527583,1.6585883782058954,5.400825682725198
pos_120_up_up_ms,0.58,1.6173800936536031,1.6515483798086643,6.264825160764648
pos_207_up_down_ms,0.14,0.5349041493385445,1.6450693428516387,7.191281327719305
pos_049_hold_current_ms,0.28,0.7295511619887831,1.6436163123697043,6.417281055587344
pos_133_up_up_ms,0.4,1.7496355305594133,1.6360325509309768,6.884905231210158
pos_159_up_up_ms,0.5,0.9948848769417229,1.633567570502637,7.517792213418463
pos_132_hold_current_ms,0.16,0.5095015571464859,1.6244629136286677,6.157214566677997
pos_030_hold_current_ms,0.3,0.6468132241526726,1.6204746198654174,5.971130836506396
pos_086_up_up_ms,0.5,1.1293848786315641,1.6136423444747925,4.538671701359768
pos_109_hold_current_ms,0.48,0.8628382211738002,1.6135987191647292,5.695407759695246
pos_186_up_up_ms,0.76,2.9730764661322433,1.5975264980643988,7.393900978860978
pos_149_hold_current_ms,0.32,0.7677159338596802,1.5962190359085797,4.791030584353299
pos_110_up_up_ms,0.48,0.9946797248873833,1.5932287246128545,5.252579265756683
pos_172_down_down_ms,0.46,1.0538558938004565,1.5842960566282271,6.325762952125464
pos_130_down_up_ms,0.44,0.9722685444099176,1.579875260181725,5.457691272297034
pos_141_up_up_ms,0.22,0.9321907486328829,1.5683526253700257,6.935584209219348
pos_079_down_up_ms,0.38,0.9010198303555131,1.5538834731280804,8.257761512584501
pos_136_down_up_ms,0.72,2.3215054932310717,1.5516332349553705,6.552747672511347
pos_128_down_up_ms,0.36,0.6311634866964149,1.5511038050800563,6.050515882762088
pos_165_down_up_ms,0.62,1.5764853701982076,1.5453868133574724,5.0288516416469635
pos_044_down_down_ms,0.52,1.2162169516453005,1.5328964548930526,5.577210990716513
pos_098_hold_current_ms,0.36,0.662709343128183,1.5312623684853315,4.473915056287343
pos_069_hold_current_ms,0.16,0.46773444410699705,1.5293543219566346,6.224714412873251
pos_113_up_down_ms,0.26,0.8526070463643871,1.5258101016283034,6.211452585570853
pos_185_down_up_ms,0.28,0.9905677613348409,1.5253182530403138,7.592131672904037
pos_019_down_down_ms,0.4,0.6998542122237653,1.5212199214100837,5.529017658110533
pos_021_hold_current_ms,0.32,0.6833291853200798,1.5133872755616904,5.6251935803551705
pos_128_hold_current_ms,0.24,0.6246631745450127,1.5013133306801318,7.049005657599746
pos_111_down_up_ms,0.46,1.312576528381162,1.4901154350861907,5.2723506206029125
pos_084_down_down_ms,0.52,1.5938657921121546,1.4893384486436845,4.00164937356295
pos_083_down_down_ms,0.3,0.5802884574739973,1.4869524800777436,6.086478886753749
pos_202_up_down_ms,0.32,0.8191583535332257,1.4668802981823683,4.545719534921021
pos_168_down_down_ms,0.56,1.072095030816784,1.466463573947549,4.237760052553285
pos_064_up_up_ms,0.34,0.7453255691854618,1.4622452200949192,5.55783630097783
pos_202_down_down_ms,0.24,0.9160696881075084,1.461164647936821,8.065013169052053
pos_044_up_down_ms,0.36,0.9424241429983226,1.4602389344573021,5.230497094873153
pos_139_up_up_ms,0.42,1.0119691856242765,1.4587757908552885,3.4438036432798045
pos_182_down_up_ms,0.28,1.069808298677089,1.4552319821715356,7.248536401032591
pos_155_up_up_ms,0.18,0.5602477586036451,1.4535679185390473,6.067673797033345
pos_041_down_down_ms,0.66,1.2224097980160802,1.44251374989748,3.883320786910351
pos_075_hold_current_ms,0.06,0.2398979374820952,1.4392279744148255,9.673669919069111
pos_106_down_down_ms,0.34,0.7453255691854618,1.4353633715212346,5.386996852399503
pos_033_up_up_ms,0.54,1.110432899589073,1.4344951869547367,5.4533390310016765
pos_154_hold_current_ms,0.26,0.6942915931555924,1.4301596755348145,5.59327985871042
pos_173_up_down_ms,0.42,1.3414886644078268,1.4286178889125585,4.590689887193867
pos_011_hold_current_ms,0.32,0.6833291853200798,1.4283144225925206,5.346921931385239
pos_114_up_up_ms,0.3,0.6776309271789384,1.4273479977250099,4.8048318738126365
pos_173_up_up_ms,0.26,0.6942915931555923,1.4231856727600098,4.9356630415518294
pos_084_hold_current_ms,0.14,0.3505098327538656,1.418611274957657,5.849823426690064
pos_209_hold_next_ms,0.48,2.5653897344840058,1.4125972943007945,9.662475984238064
pos_188_down_down_ms,0.46,1.402766945020026,1.4109085872024298,8.218172913102421
pos_052_down_down_ms,0.54,1.5414014296564473,1.4080323694273829,4.5079904192403895
pos_102_up_down_ms,0.36,0.8514093957572194,1.4073210747912526,5.761356785106415
pos_139_hold_current_ms,0.22,0.6480740698407861,1.4037530118227004,5.33410861576948
pos_213_up_down_ms,0.12,0.5938459911664722,1.3849378556013108,9.52139710524315
pos_033_down_up_ms,0.44,1.163387032657276,1.368776237592101,4.740520986332639
pos_083_up_up_ms,0.34,1.1177601509724886,1.3602738273143768,5.649080155363806
pos_176_down_up_ms,0.22,0.5066899385990915,1.3520459447056055,6.003002324314455
pos_095_hold_current_ms,0.28,0.7835033829029764,1.3509662079811096,3.6816129532332176
pos_184_hold_next_ms,0.66,1.2224097980160804,1.3435006913170218,4.429775792316937
pos_092_up_up_ms,0.4,1.2777531299998799,1.3321767660975457,5.208316592636155
pos_059_hold_current_ms,0.26,0.7230886134196437,1.3267927433550357,4.744523444616721
pos_080_down_down_ms,0.38,0.9010198303555131,1.323287860751152,5.155128835609746
pos_046_down_up_ms,0.22,0.6157789160643515,1.323084868043661,6.3695480412380885
pos_203_hold_next_ms,0.12,0.47979587496419046,1.3224751615524293,7.843036795821397
pos_168_down_up_ms,0.44,1.072095030816784,1.3137404859066009,4.106084759084638
pos_145_up_down_ms,0.32,1.2027180102770965,1.3099272542260587,5.181434813868036
pos_144_up_up_ms,0.44,0.9071147352221454,1.3000780689716338,3.5093545759242057
pos_211_hold_next_ms,0.4,0.9689042833036098,1.286654225885868,5.194435178492767
pos_102_hold_current_ms,0.26,0.63277813115286,1.2799489849805832,6.272937314230231
pos_211_down_up_ms,0.1,0.36421567954234185,1.276067510843277,7.9670925051923245
pos_198_up_up_ms,0.28,1.010960343597379,1.2695053991675378,6.698179761345644
pos_203_hold_current_ms,0.38,1.872355277642116,1.2669722492992879,7.460213906248599
pos_086_down_up_ms,0.44,1.072095030816784,1.25340404599905,4.1338196534090885
pos_188_down_up_ms,0.3,1.313198307917874,1.2519551718235016,5.334833592591734
pos_117_hold_current_ms,0.14,0.3505098327538656,1.2284589982032776,5.270543946167254
pos_058_up_up_ms,0.28,0.536047515408392,1.2232668395340442,6.163611422633415
pos_051_hold_current_ms,0.3,0.8390957231764807,1.2168748363852502,5.153059627650671
pos_203_down_down_ms,0.16,0.4677344441069971,1.2109370908141137,4.84842519999464
pos_186_hold_current_ms,0.32,0.7406560798180412,1.2072806948423385,4.866335660692037
pos_090_down_up_ms,0.46,1.4027669450200262,1.2072744374722242,4.502237297832191
pos_047_up_up_ms,0.78,1.2501428489805246,1.2059847329184412,3.243566876581838
pos_124_up_down_ms,0.34,0.7453255691854618,1.2041271705552936,4.3033245212091344
pos_194_up_down_ms,0.08,0.27404751561786966,1.2036643546819688,7.697150316734366
pos_015_hold_current_ms,0.16,0.42185208743524005,1.1906080377101897,6.348565517579107
pos_169_up_down_ms,0.36,0.9205144967764007,1.1877938358485698,3.875229931114644
pos_018_up_down_ms,0.58,1.2468736413731027,1.1834923919662834,2.964253264200123
pos_056_hold_current_ms,0.26,0.6942915931555923,1.1829070580005645,4.240132301196673
pos_082_down_up_ms,0.28,1.2942573317607,1.1681630559265614,6.107399528966048
pos_120_hold_current_ms,0.28,0.7570080742566726,1.1626810820400715,4.410740540160826
pos_182_down_down_ms,0.32,0.8675557971822273,1.1610417446494103,3.8824563981023483
pos_146_hold_current_ms,0.28,0.7010196655077312,1.1541190937906505,4.098553360451418
pos_159_down_up_ms,0.44,1.3874069191061698,1.1496747533977032,4.284467964903488
pos_225_down_up_ms,0.18,1.272792206135786,1.14669398188591,8.10835090537331
pos_219_hold_next_ms,0.1,0.36421567954234174,1.1364571112394333,5.1254185152151575
pos_200_up_up_ms,0.2,1.4142135623730954,1.1321924066543578,8.005809283532137
pos_124_hold_current_ms,0.14,0.4522054797526976,1.1300784206390382,4.651971557333106
pos_029_down_down_ms,0.48,0.8628382211738002,1.127017191592604,4.365763316621767
pos_136_down_down_ms,0.4,0.8329931278350429,1.1164061453565954,3.7960662197390427
pos_186_down_down_ms,0.28,0.7570080742566724,1.0991157533973455,3.9494355924306133
pos_073_hold_current_ms,0.26,0.6327781311528601,1.0928345921635627,3.3735880549619464
pos_106_hold_current_ms,0.16,0.46773444410699705,1.0885340803861618,4.151241951825033
pos_116_down_up_ms,0.4,1.0301575072754254,1.0869828110933304,3.2400621536226826
pos_063_down_down_ms,0.34,0.7174216873994127,1.0795751358568668,3.4127230975081826
pos_123_hold_current_ms,0.1,0.30304576336566325,1.0754302030801772,6.083553645529361
pos_095_up_down_ms,0.38,1.4692772067258386,1.0750205130921677,4.277958067808862
pos_184_up_up_ms,0.5,0.9529760045804525,1.0665357951819896,3.0567713242050836
pos_211_up_up_ms,0.16,0.6502746672423453,1.0664579284191131,4.155303110545694
pos_216_hold_current_ms,0.36,1.3815105604270381,1.0631503503024577,4.552448350675728
pos_213_down_down_ms,0.28,0.83397254396151,1.061781547665596,3.275867852452221
pos_197_down_up_ms,0.3,1.1994896874104761,1.0597118305508046,5.933865897991523
pos_006_hold_current_ms,0.2,0.5345224838248488,1.054597361087799,4.166568066505769
pos_073_up_down_ms,0.56,1.5670067658059528,1.0512964710593224,2.7865087531044592
pos_039_hold_current_ms,0.18,0.38808793449160356,1.0406394425034522,4.879385083541389
pos_100_hold_current_ms,0.16,0.5480950312357393,1.0377324771881105,5.281908188438634
pos_050_hold_current_ms,0.14,0.40456577881446565,1.0342650880664588,5.132940631188749
pos_142_down_down_ms,0.28,0.8091315576289312,1.0269742560386659,4.493059540507924
pos_205_up_down_ms,0.06,0.2398979374820952,1.0193299388885497,7.124298203332018
pos_061_up_down_ms,0.34,0.6580738746446296,1.0149374410510064,3.0628549020216056
pos_090_up_up_ms,0.24,0.6246631745450129,1.0058857318013907,4.184635785625287
pos_162_down_up_ms,0.36,1.2577920401745797,1.0038143627438694,3.451308926304836
pos_221_up_up_ms,0.2,1.142857142857143,0.9972175699472428,4.8961985507089505
pos_061_down_down_ms,0.34,0.9816687167205417,0.9965873464941979,3.4385737689218403
pos_137_hold_current_ms,0.12,0.3854496446637727,0.9956120789051056,4.154441150863806
pos_098_up_up_ms,0.32,0.586932530976404,0.9876386098563671,3.9882895064532264
pos_231_up_down_ms,0.18,1.137307956428294,0.9855030083656311,6.716680592114229
pos_068_up_down_ms,0.42,1.6299492918117273,0.9795909437164664,4.02838793689771
pos_032_up_down_ms,0.34,1.0615737258948168,0.9759911773353815,4.9103717319053155
pos_087_down_down_ms,0.34,0.9606545387688243,0.9733525668550282,3.947768826274976
pos_223_down_up_ms,0.04,0.19794866372215744,0.9687578523159027,6.7709601147006895
pos_081_down_down_ms,0.52,0.9946797248873833,0.9681475503463298,3.4460166156379395
pos_070_up_up_ms,0.3,0.614451804788759,0.9664054198563099,3.6366905834380976
pos_047_hold_current_ms,0.18,0.4819179369552286,0.9635160607099533,5.110793943758021
pos_115_hold_current_ms,0.08,0.34046786536608525,0.9633555488288402,6.6895305499580076
pos_093_down_up_ms,0.4,1.0101525445522106,0.9565018737316131,3.0389403416365637
pos_010_hold_current_ms,0.32,0.7406560798180412,0.9558568163216115,4.619911671937605
pos_014_down_down_ms,0.48,0.9089127840335353,0.95481236577034,3.0940989418617852
pos_109_up_down_ms,0.36,0.8980704940286691,0.9529205781221389,2.905941959550216
pos_119_up_up_ms,0.26,0.7774894185250159,0.9490922697633505,4.8464066232873
pos_032_down_down_ms,0.44,0.7329003050503234,0.9310981654375792,3.2486044194199417
pos_206_hold_current_ms,0.18,0.4819179369552286,0.9307670960575343,3.591781135920061
pos_020_hold_current_ms,0.14,0.49528388066742035,0.9236510382592678,4.061993418788994
pos_235_up_down_ms,0.14,0.7561988724494884,0.9194666004180908,5.853410228812347
pos_101_up_up_ms,0.46,1.56765781355759,0.9185432205721736,3.460117422052825
pos_086_hold_current_ms,0.16,0.42185208743524005,0.9176518225669861,3.645627890042289
pos_214_up_down_ms,0.28,0.83397254396151,0.9161848063766956,3.0380925672102834
pos_112_down_up_ms,0.22,0.46467017049401693,0.9078536948747933,3.2175193360700916
pos_087_up_down_ms,0.22,0.7082603003566023,0.9036460238695144,4.152070783644999
pos_071_down_up_ms,0.28,0.536047515408392,0.9004748499393463,2.940525968915439
pos_208_up_up_ms,0.12,0.4797958749641904,0.8987449052929878,6.146917247232523
pos_218_up_up_ms,0.02,0.14142135623730948,0.8955539703369141,6.332522853437681
pos_097_hold_current_ms,0.2,0.45175395145262565,0.8904396909475326,4.937243057344765
pos_143_up_up_ms,0.4,1.261680123761121,0.8771000293269754,2.7932625400641573
pos_063_hold_current_ms,0.16,0.46773444410699716,0.8733380176126957,3.274317144966278
pos_111_hold_current_ms,0.22,0.7365113574085852,0.8646699969097972,3.250011043021898
pos_086_down_down_ms,0.3,0.8390957231764807,0.8635609325766563,3.604029809089996
pos_053_hold_current_ms,0.18,0.43752550946038726,0.8633831384778022,3.03226578716349
pos_156_hold_current_ms,0.24,0.5910903104450629,0.8627675721049308,2.908643867380127
pos_160_hold_current_ms,0.12,0.3854496446637727,0.8611082071065903,3.7189995412794405
pos_099_down_down_ms,0.56,1.7042563762293415,0.8590849174559116,3.086820497470783
pos_195_down_down_ms,0.28,1.010960343597379,0.85725855499506,2.996959800027456
pos_215_hold_current_ms,0.18,0.6605501726683938,0.8560613995790481,4.529011730295779
pos_202_hold_next_ms,0.36,0.9424241429983224,0.8503387916088104,2.4619114276094325
pos_042_down_down_ms,0.44,0.951046684405328,0.8384552009031176,2.97389238258254
pos_090_hold_current_ms,0.12,0.47979587496419035,0.8351365485787392,4.843228884339693
pos_089_down_up_ms,0.36,1.0253919111386491,0.8231399610638619,2.907955762134226
pos_204_up_up_ms,0.28,1.1073041357186344,0.819856914281845,3.093539468845578
pos_104_hold_current_ms,0.18,0.38808793449160356,0.8115090842545033,2.7403234291314695
pos_078_hold_current_ms,0.4,0.8081220356417685,0.811219764649868,2.3256877912958656
pos_215_up_up_ms,0.3,1.0151907431108498,0.810837827892974,2.6023691493981413
pos_064_down_up_ms,0.42,1.0896545043157075,0.8066506958007813,2.7250944083807
pos_065_down_down_ms,0.38,0.8053393251117373,0.8003714975714683,2.1721402868657855
pos_160_down_down_ms,0.38,0.8302937763840224,0.7994768577814102,3.307380117489581
pos_194_down_up_ms,0.24,0.7439552323595164,0.78828866481781,3.135252927295689
pos_045_down_up_ms,0.28,0.8091315576289311,0.7827280336618423,3.683166216573981
pos_223_up_down_ms,0.16,0.6502746672423453,0.7815183800458908,3.7001952077007267
pos_207_down_down_ms,0.2,1.0301575072754257,0.7802634066343308,4.808321009405395
pos_194_down_down_ms,0.14,0.4045657788144656,0.7791462001204491,4.23798728703818
pos_152_down_down_ms,0.28,0.5728553615932406,0.7773578712344169,2.235235751920654
pos_144_down_down_ms,0.3,0.7626484465736652,0.7724223837256432,2.7686494403096145
pos_085_hold_current_ms,0.16,0.42185208743524,0.7638615328073501,2.5443195079073004
pos_109_down_up_ms,0.24,0.8221425468536092,0.751761127114296,3.5764642314656827
pos_057_hold_current_ms,0.12,0.328260722659316,0.7475340056419373,2.8944744540379284
pos_103_hold_current_ms,0.14,0.4952838806674205,0.745094428062439,3.7647795995856574
pos_158_up_down_ms,0.38,0.7253429871306345,0.7263946607708931,2.2288409994216103
pos_015_up_up_ms,0.22,0.6157789160643516,0.7196669417619705,2.827221640148613
pos_072_hold_current_ms,0.18,0.5602477586036451,0.7188006548583508,2.6971681449995626
pos_141_down_up_ms,0.38,0.9452350965527582,0.7103131124377251,2.105475626549183
pos_203_up_up_ms,0.22,0.9100347604933134,0.7013208197057247,3.3627818389694597
pos_061_hold_current_ms,0.14,0.3505098327538656,0.7007979985326529,3.925983249623683
pos_163_up_down_ms,0.4,1.0101525445522106,0.7000825113430619,2.2182505847478184
pos_137_up_up_ms,0.32,0.6207303137828695,0.6968440352380276,2.154726725634302
pos_121_hold_current_ms,0.24,0.6869037302955033,0.6894083518534899,2.361666205981002
pos_097_up_up_ms,0.34,0.8946553321057815,0.6853004652261734,2.538787853802987
pos_092_hold_current_ms,0.22,0.5066899385990914,0.6847239205241203,2.5324550101850463
pos_031_hold_current_ms,0.06,0.31363569143000214,0.6847060203552247,3.48444384817091
pos_167_down_down_ms,0.2,0.5345224838248488,0.6816725769639015,2.7743197680290494
pos_182_up_up_ms,0.18,0.5225526045191966,0.6789241949468852,2.9549929525768195
pos_106_up_up_ms,0.28,0.5728553615932406,0.6753860308229923,2.4228901431024097
pos_231_hold_next_ms,0.06,0.4242640687119286,0.6742210006713867,4.767462415931172
pos_013_hold_current_ms,0.18,0.5602477586036451,0.6599331551790237,3.0968600196849674
pos_213_hold_next_ms,0.08,0.27404751561786966,0.6559548777341843,3.3464669583567668
pos_204_up_down_ms,0.3,0.8390957231764807,0.6530122220516205,2.158147712922069
pos_102_up_up_ms,0.2,0.49487165930539356,0.6525496137049049,2.5013510592165775
pos_055_hold_current_ms,0.14,0.5349041493385444,0.6524804264307023,3.71981738656048
pos_055_down_up_ms,0.22,0.5454823740581938,0.6426367881894112,3.7082810741463166
pos_152_up_up_ms,0.24,0.656521445318632,0.6419967046380043,2.227589473213771
pos_029_up_down_ms,0.32,0.8907689867497084,0.6293375483900309,2.3443841314751177
pos_106_up_down_ms,0.4,0.8329931278350429,0.629265726134181,2.3110541422128574
pos_089_hold_current_ms,0.18,0.6605501726683939,0.6239278364181519,2.870357970829514
pos_114_hold_current_ms,0.24,0.5910903104450629,0.617702323421836,3.4645487244308106
pos_235_hold_next_ms,0.02,0.14142135623730948,0.617681999206543,4.367671302558102
pos_224_up_down_ms,0.08,0.34046786536608525,0.607621340751648,2.958597058722034
pos_014_hold_current_ms,0.16,0.509501557146486,0.6054144132137299,2.2222656706545467
pos_189_down_down_ms,0.16,0.6180945043652553,0.6046761792898178,3.996900043932513
pos_180_up_up_ms,0.18,0.43752550946038726,0.5978055495023727,2.1827510044979026
pos_220_up_up_ms,0.18,0.7475128829686359,0.5961182904243469,2.596073650446562
pos_151_hold_current_ms,0.18,0.38808793449160356,0.5948762855678796,2.0891481035692565
pos_117_up_up_ms,0.34,1.1885508239972282,0.5906072907149792,1.7876952806308652
pos_076_hold_current_ms,0.26,0.48697315854455164,0.5821087843179703,1.3046927143834182
pos_035_hold_current_ms,0.32,0.6833291853200798,0.5763164266943932,1.4850928730722726
pos_210_up_up_ms,0.22,1.4183923063433044,0.575602821111679,3.9663762001526144
pos_041_up_down_ms,0.28,0.7295511619887831,0.5703365589678288,2.1699488546097245
pos_212_hold_current_ms,0.16,0.8171628369185765,0.5673555329442024,2.9143497186252683
pos_201_up_up_ms,0.22,1.1656652650757342,0.5650748685002327,2.779725777917944
pos_146_up_down_ms,0.24,0.5554920598635309,0.5641905730962753,1.5336389356588898
pos_187_down_up_ms,0.18,0.7475128829686359,0.5618012815713882,2.472671529263654
pos_029_down_up_ms,0.3,0.8144110179279559,0.5613331866264343,1.9160280702042718
pos_215_hold_next_ms,0.44,1.4165206007132047,0.5593530908226967,1.8470789763781954
pos_214_down_down_ms,0.16,0.7384484561897192,0.5558893513679505,2.474031841982171
pos_213_hold_current_ms,0.14,0.49528388066742046,0.5539056992530823,2.4865521585138937
pos_203_down_up_ms,0.18,0.6288960200872896,0.5534013524651528,2.9068288307055257
pos_198_up_down_ms,0.12,0.7182745765700876,0.5517500281333924,3.7905919438748117
pos_103_down_down_ms,0.16,0.42185208743524,0.548605455160141,2.690998658349972
pos_131_up_up_ms,0.38,0.9665845613735583,0.5481298922747374,1.7825268324409098
pos_129_hold_current_ms,0.16,0.5480950312357393,0.5450213307142258,2.3044616403559686
pos_155_hold_current_ms,0.16,0.42185208743523994,0.5404642295837402,1.9248774685673988
pos_180_down_up_ms,0.26,0.852607046364387,0.5382601662748493,2.1079289968913297
pos_198_down_up_ms,0.08,0.2740475156178697,0.5345711861550808,3.03940202270032
pos_048_hold_current_ms,0.24,0.5554920598635309,0.5326144240796566,1.666671787991831
pos_096_up_up_ms,0.32,0.5869325309764039,0.5314284837990999,1.3502153363126719
pos_129_up_up_ms,0.3,0.7354021529276429,0.5288012396916747,1.947120572035565
pos_207_down_up_ms,0.12,0.6272713828600043,0.525402515232563,2.6503827427321016
pos_191_down_up_ms,0.12,0.5205962045225313,0.5224898044764995,2.898109277986758
pos_062_down_up_ms,0.22,0.5454823740581938,0.5151695585250855,1.6448233253654607
pos_119_hold_current_ms,0.1,0.30304576336566325,0.5090079820156097,1.9557588364962264
pos_201_down_up_ms,0.16,0.5480950312357394,0.5061071713408455,3.0768202954713813
pos_231_hold_current_ms,0.14,0.7287114711346772,0.5014333367347718,2.5496284902071316
pos_093_hold_current_ms,0.12,0.3854496446637727,0.49550956960767506,2.8596869904951627
pos_066_hold_current_ms,0.18,0.5225526045191966,0.49261997938156127,2.0055397078343162
pos_147_hold_current_ms,0.08,0.27404751561786966,0.492466402053833,2.0231134919317784
pos_104_up_up_ms,0.2,0.5345224838248488,0.4918621423840523,2.207240387341987
pos_187_up_up_ms,0.32,1.2687773320671154,0.49051628962159155,2.1470777989213095
pos_199_up_down_ms,0.24,0.8935140440635364,0.4862218897044659,2.1787296829358147
pos_133_hold_current_ms,0.12,0.38544964466377263,0.48271158620715143,2.8801361897557918
pos_026_hold_current_ms,0.16,0.3703280399090206,0.4673168973438442,2.04062659813748
pos_153_down_down_ms,0.36,0.8750510189207745,0.4386956774443388,1.3279930297845695
pos_041_hold_current_ms,0.08,0.27404751561786966,0.43392105102539064,1.838487554578673
pos_143_hold_current_ms,0.1,0.3642156795423418,0.4337179207801819,2.1794951507060785
pos_232_down_down_ms,0.1,0.46291004988627577,0.4289192008972168,1.9347727835973978
pos_045_hold_current_ms,0.24,0.5174505793221381,0.42608691051602365,1.3153553966054157
pos_155_down_up_ms,0.18,0.48191793695522855,0.41939960420131683,1.815948745030081
pos_070_down_up_ms,0.26,0.5272183453498839,0.4146464242786169,1.372157688346541
pos_206_up_up_ms,0.12,0.7182745765700876,0.41423520088195803,2.7733060414632065
pos_178_up_up_ms,0.22,0.6157789160643516,0.41162661217153074,1.7880425523970405
pos_229_hold_next_ms,0.12,0.5938459911664722,0.3978866547346115,2.441632240741516
pos_217_hold_current_ms,0.14,0.5349041493385445,0.3963461172580719,1.8114529109826523
pos_215_down_up_ms,0.12,0.4797958749641904,0.3962871742248535,1.9825634530451501
pos_224_up_up_ms,0.1,0.46291004988627577,0.3955888049304485,2.07699933467989
pos_222_up_down_ms,0.18,0.7475128829686359,0.3939779216051102,2.1644210376782964
pos_229_up_up_ms,0.12,0.6272713828600043,0.39112948775291445,1.9355890542662124
pos_155_down_down_ms,0.38,1.122860777893062,0.390144215747714,1.1678307909654273
pos_200_down_up_ms,0.16,0.46773444410699716,0.3861762210726738,1.6618230076766909
pos_027_hold_current_ms,0.16,0.42185208743524,0.3853913527727127,1.1928477937550603
pos_109_up_up_ms,0.26,0.6327781311528601,0.3850556436367333,1.6111694443005256
pos_129_down_up_ms,0.26,0.6942915931555923,0.3838902251422405,1.6815174484008026
pos_094_hold_current_ms,0.12,0.3854496446637726,0.3828742027282715,1.484114176277671
pos_056_up_up_ms,0.32,0.7125693664765671,0.38135865166783334,1.0318373831996006
pos_188_up_up_ms,0.26,1.0654116766848047,0.3748699439689517,2.1467100022786867
pos_193_hold_current_ms,0.18,0.7196938124462856,0.3741594585776329,1.718702848604841
pos_255_down_down_ms,0.02,0.14142135623730948,0.36539199829101565,2.5837115978288057
pos_032_hold_current_ms,0.18,0.38808793449160356,0.36182241279631855,1.0891582015019166
pos_099_up_down_ms,0.18,0.5225526045191967,0.3614089743793011,1.4312833290364297
pos_222_down_down_ms,0.18,0.7196938124462856,0.3522372119128704,2.021124210126876
pos_215_down_down_ms,0.16,0.7102744511232032,0.34839319944381714,1.597656872542482
pos_191_down_down_ms,0.16,0.37032803990902063,0.343111714720726,1.6019329412944738
pos_136_hold_current_ms,0.16,0.6180945043652553,0.34156986385583876,1.4855460332391806
pos_208_hold_current_ms,0.16,0.8656718518596068,0.3350446039438248,2.1118804999899403
pos_229_up_down_ms,0.1,0.4629100498862758,0.33232297986745835,1.5107984055708286
pos_211_hold_current_ms,0.04,0.1979486637221574,0.32706089854240417,2.1954666231815194
pos_105_hold_current_ms,0.18,0.5225526045191967,0.32429753929376604,1.0480675250575437
pos_223_hold_current_ms,0.16,0.9971387638065796,0.3199555456638336,2.0647399235788266
pos_230_down_down_ms,0.06,0.31363569143000214,0.3165553998947144,1.5822227687816142
pos_200_up_down_ms,0.18,0.8734169352933011,0.3079302841424942,1.6772928772219555
pos_126_down_up_ms,0.22,0.5816935163286381,0.2980163378431462,1.1421296755876371
pos_221_hold_next_ms,0.04,0.1979486637221574,0.2970478057861328,1.4795322395067638
pos_108_hold_current_ms,0.16,0.46773444410699716,0.2928223198652267,0.8723305982863857
pos_196_down_down_ms,0.08,0.2740475156178697,0.29158276580274106,1.7957239199247135
pos_140_hold_current_ms,0.1,0.30304576336566325,0.2891840839385986,1.0309687033785102
pos_227_hold_current_ms,0.12,0.7182745765700878,0.2866162586212158,1.9572583934433063
pos_080_hold_current_ms,0.14,0.40456577881446565,0.2802557018399239,1.1111311699918234
pos_092_down_down_ms,0.22,0.6157789160643515,0.27478085905313493,1.0887171675904155
pos_238_down_up_ms,0.06,0.4242640687119285,0.271894006729126,1.9225809592214576
pos_096_hold_current_ms,0.2,0.45175395145262565,0.26372154101729395,0.7717992855089023
pos_118_hold_current_ms,0.1,0.41649656391752143,0.2596097373962402,1.050154422879816
pos_229_down_up_ms,0.1,0.7071067811865476,0.2572263956069946,1.8188652863387946
pos_142_hold_current_ms,0.18,0.5225526045191966,0.25502709940075874,0.9068669186136588
pos_202_hold_current_ms,0.1,0.3642156795423418,0.2511884016543627,1.1921042169803118
pos_247_down_down_ms,0.06,0.2398979374820952,0.2488003721833229,1.7152890577435993
pos_231_up_up_ms,0.08,0.3404678653660853,0.24211740493774414,1.1990216468818256
pos_159_hold_current_ms,0.04,0.1979486637221574,0.24198780059814454,1.1991058008577602
pos_205_down_down_ms,0.16,0.46773444410699716,0.2417634779214859,1.1262644450730515
pos_015_up_down_ms,0.24,0.5174505793221381,0.23557732194662095,0.6118076651913493
pos_230_hold_next_ms,0.1,0.41649656391752143,0.23210958033800125,1.4629659063398128
pos_074_hold_current_ms,0.1,0.3642156795423418,0.2255620241165161,0.8931810178460989
pos_202_up_up_ms,0.08,0.34046786536608525,0.21188222348690033,1.086481703499728
pos_207_hold_current_ms,0.04,0.19794866372215741,0.20743980407714843,1.2480045308460654
pos_223_up_up_ms,0.1,0.4629100498862757,0.20657906532287598,0.9558990019536375
pos_071_hold_current_ms,0.16,0.42185208743524005,0.20199534863233568,0.6334417010799939
pos_060_hold_current_ms,0.12,0.3854496446637727,0.20184179842472078,0.7551564454214647
pos_226_hold_next_ms,0.02,0.14142135623730948,0.19689720153808593,1.3922734640423489
pos_064_hold_current_ms,0.2,0.45175395145262565,0.19360762283205987,0.5800015563727623
pos_259_hold_next_ms,0.02,0.14142135623730948,0.19129940032958984,1.3526910320997305
pos_234_up_down_ms,0.12,0.43518703462079467,0.18743618249893187,0.8257848716988754
pos_029_hold_current_ms,0.08,0.27404751561786966,0.18209070086479187,0.8175254969378325
pos_225_hold_next_ms,0.06,0.31363569143000214,0.17807479858398437,1.0503031387568154
pos_228_up_down_ms,0.08,0.27404751561786966,0.17291549876332282,0.738146139850374
pos_216_down_up_ms,0.02,0.14142135623730948,0.1712537956237793,1.2109472018950946
pos_217_up_down_ms,0.16,0.7384484561897191,0.1600829368829727,0.6678634188817477
pos_228_hold_next_ms,0.1,0.4629100498862757,0.1579289972782135,0.7462110328629491
pos_250_hold_current_ms,0.1,0.7071067811865476,0.15761959791183472,1.114538865313553
pos_247_hold_next_ms,0.1,0.7071067811865477,0.15686276078224182,1.1091872186476641
pos_201_down_down_ms,0.14,0.5349041493385444,0.15306081980466843,0.6108772717524696
pos_236_hold_next_ms,0.1,0.5802884574739973,0.14668807834386827,1.0078905055632603
pos_236_down_up_ms,0.1,0.7071067811865476,0.1452047574520111,1.0267526865486492
pos_058_hold_current_ms,0.06,0.3136356914300021,0.1442778217792511,1.001533141714629
pos_246_hold_next_ms,0.04,0.1979486637221574,0.14062119483947755,0.7088721656094791
pos_225_up_up_ms,0.06,0.3136356914300021,0.13881730139255524,0.6998215059479514
pos_191_up_up_ms,0.12,0.7182745765700876,0.13776909697800874,0.9055766908949554
pos_213_down_up_ms,0.02,0.14142135623730948,0.13577980041503906,0.9601081762163011
pos_209_down_down_ms,0.06,0.31363569143000214,0.1357157436013222,0.8875060073359782
pos_246_down_down_ms,0.08,0.4444671196029727,0.13142347812652588,0.8700833530675887
pos_210_down_up_ms,0.12,0.6272713828600043,0.13098108232021333,0.6487055360820281
pos_067_hold_current_ms,0.08,0.27404751561786966,0.12948666334152223,0.5489950963647559
pos_237_up_up_ms,0.02,0.14142135623730948,0.12921299934387206,0.9136738805350487
pos_185_up_up_ms,0.14,0.4522054797526976,0.12398619823157787,0.39859032979326914
pos_227_hold_next_ms,0.04,0.19794866372215741,0.12245399951934814,0.7024517106916285
pos_270_down_down_ms,0.04,0.19794866372215741,0.12108129620552063,0.8223452476379789
pos_252_down_up_ms,0.04,0.28284271247461895,0.11782619714736939,0.8331570300432793
pos_219_down_up_ms,0.06,0.3136356914300021,0.11342100143432617,0.5761663482680923
pos_247_up_up_ms,0.02,0.14142135623730948,0.1124590015411377,0.7952052259520687
pos_110_hold_current_ms,0.16,0.4677344441069971,0.11243806093931198,0.37046341944645966
pos_210_down_down_ms,0.06,0.23989793748209523,0.10806644201278687,0.48272877598584274
pos_214_hold_next_ms,0.06,0.3136356914300021,0.10588874101638794,0.5695332401252314
pos_250_down_down_ms,0.02,0.14142135623730948,0.10316559791564942,0.7294909387132045
pos_217_hold_next_ms,0.08,0.27404751561786966,0.09914657257497311,0.6086150814494107
pos_227_down_down_ms,0.06,0.23989793748209523,0.09595100045204162,0.4345611460016658
pos_217_up_up_ms,0.1,0.4629100498862758,0.09387780100107193,0.5685587741717901
pos_142_up_up_ms,0.14,0.3505098327538656,0.09327172592282296,0.3719377889005801
pos_233_down_up_ms,0.02,0.14142135623730948,0.09297880172729492,0.6574594120796972
pos_231_down_up_ms,0.02,0.14142135623730948,0.09284700393676758,0.6565274609654244
pos_225_down_down_ms,0.06,0.23989793748209523,0.08893831878900528,0.4480516411263451
pos_220_up_down_ms,0.06,0.23989793748209523,0.08863040208816528,0.35809618237432
pos_248_up_up_ms,0.02,0.14142135623730948,0.08667739868164062,0.61290176383398
pos_042_hold_current_ms,0.16,0.5095015571464859,0.08577866435050964,0.2989620916794399
pos_196_hold_current_ms,0.08,0.27404751561786966,0.08358529850840568,0.5224652141188852
pos_212_up_up_ms,0.1,0.4629100498862757,0.08303027987480163,0.41232388956749516
pos_206_hold_next_ms,0.08,0.3404678653660853,0.08218129009008407,0.5060758214652363
pos_214_down_up_ms,0.04,0.19794866372215741,0.07957499980926513,0.4107451076399007
pos_242_down_down_ms,0.02,0.14142135623730948,0.07776659965515137,0.5498928996597695
pos_248_hold_current_ms,0.04,0.19794866372215741,0.07577984035015106,0.4754491542424141
pos_230_up_down_ms,0.1,0.5802884574739973,0.07553307875990868,0.40217272206599225
pos_216_hold_next_ms,0.06,0.2398979374820952,0.07411775887012481,0.40210628564815454
pos_242_hold_next_ms,0.08,0.39589732744431483,0.07217984050512313,0.4318540699277328
pos_227_up_up_ms,0.04,0.19794866372215744,0.06752359867095947,0.33418367304121305
pos_219_up_up_ms,0.02,0.14142135623730948,0.06639039993286133,0.4694510199821316
pos_134_hold_current_ms,0.04,0.1979486637221574,0.06066686034202576,0.33460333967703976
pos_233_up_up_ms,0.04,0.19794866372215741,0.05935252070426941,0.32921391097988
pos_209_down_up_ms,0.06,0.4242640687119286,0.05386944055557251,0.3809144671557093
pos_243_hold_next_ms,0.04,0.19794866372215744,0.053751659393310544,0.2827230816901512
pos_235_down_up_ms,0.04,0.28284271247461895,0.053472322225570676,0.37810641651493165
pos_232_down_up_ms,0.02,0.14142135623730948,0.04777219772338867,0.33780044962392675
pos_192_down_down_ms,0.1,0.5050762722761055,0.04720904096961021,0.2663389845644152
pos_219_down_down_ms,0.04,0.19794866372215741,0.045342899560928344,0.25108672323873465
pos_230_up_up_ms,0.04,0.28284271247461895,0.04242022097110748,0.2999562590810189
pos_228_up_up_ms,0.04,0.28284271247461895,0.04190623998641968,0.29632186468428207
pos_228_down_up_ms,0.02,0.14142135623730948,0.04063980102539062,0.28736678891125716
pos_232_hold_next_ms,0.02,0.14142135623730948,0.03984060049057007,0.2817155877342619
pos_216_down_down_ms,0.06,0.31363569143000214,0.03928160011768341,0.20546394749799143
pos_251_hold_current_ms,0.04,0.28284271247461895,0.03858551979064941,0.27284082699575934
pos_271_hold_next_ms,0.02,0.14142135623730948,0.03855459928512573,0.2726221860044242
pos_242_down_up_ms,0.02,0.14142135623730948,0.03792020082473755,0.2681363114712763
pos_009_hold_current_ms,0.06,0.2398979374820952,0.037089900076389314,0.19905581221611046
pos_218_hold_current_ms,0.06,0.2398979374820952,0.03538949966430664,0.16197114207225324
pos_232_hold_current_ms,0.02,0.14142135623730948,0.03295959949493408,0.23305956308060594
pos_269_hold_next_ms,0.04,0.28284271247461895,0.032797900438308714,0.23191617808609336
pos_227_up_down_ms,0.04,0.1979486637221574,0.03129438042640686,0.16699868684974692
pos_224_down_up_ms,0.02,0.14142135623730948,0.03013659954071045,0.21309793897139748
pos_230_hold_current_ms,0.04,0.28284271247461895,0.030035600662231446,0.2123837690527502
pos_208_down_down_ms,0.04,0.19794866372215744,0.029487379789352418,0.14619919320422997
pos_221_down_up_ms,0.02,0.14142135623730948,0.028567800521850584,0.20200485472585142
pos_247_down_up_ms,0.02,0.14142135623730948,0.028276801109313965,0.19994717814659196
pos_238_down_down_ms,0.04,0.1979486637221574,0.027744420766830445,0.1599314891305209
pos_236_hold_current_ms,0.02,0.14142135623730948,0.0277020001411438,0.19588272152233477
pos_204_hold_current_ms,0.04,0.19794866372215741,0.026534099876880646,0.1633724601934347
pos_239_up_down_ms,0.04,0.28284271247461895,0.026385565847158433,0.186574125359699
pos_150_hold_current_ms,0.06,0.3136356914300021,0.02545155003666878,0.16777414135406085
pos_209_up_up_ms,0.04,0.19794866372215741,0.025413259267807006,0.15640341773623806
pos_270_up_down_ms,0.02,0.14142135623730948,0.02450160026550293,0.17325247697659232
pos_227_down_up_ms,0.02,0.14142135623730948,0.024342799186706544,0.1721295837798257
pos_082_up_up_ms,0.1,0.30304576336566325,0.023836042480543256,0.09177190884066923
pos_224_hold_current_ms,0.04,0.28284271247461895,0.022401065826416017,0.15839945551664997
pos_246_hold_current_ms,0.02,0.14142135623730948,0.021649599075317383,0.15308578316126928
pos_217_down_up_ms,0.04,0.28284271247461895,0.02131235957145691,0.150701139760632
pos_246_down_up_ms,0.02,0.14142135623730948,0.02098520040512085,0.1483877751101964
pos_249_hold_next_ms,0.02,0.14142135623730948,0.019313420057296752,0.13656650290418815
pos_226_down_down_ms,0.04,0.28284271247461895,0.018878260254859926,0.13348945843215934
pos_234_down_up_ms,0.02,0.14142135623730948,0.018870619535446168,0.13343543038705322
pos_258_down_down_ms,0.02,0.14142135623730948,0.018713359832763673,0.1323234363653115
pos_220_down_up_ms,0.02,0.1414213562373095,0.01822268009185791,0.12885380664345827
pos_238_up_up_ms,0.02,0.1414213562373095,0.018162699937820433,0.12842968290689313
pos_250_down_up_ms,0.02,0.14142135623730948,0.017539199590682984,0.12402086967156258
pos_226_down_up_ms,0.04,0.19794866372215744,0.017352800369262695,0.10431161186527302
pos_249_up_down_ms,0.02,0.14142135623730948,0.015979739427566527,0.11299382110826331
pos_237_up_down_ms,0.02,0.14142135623730948,0.015234580039978027,0.10772474854797688
pos_236_down_down_ms,0.04,0.19794866372215741,0.014728440046310425,0.07502274998168348
pos_241_up_up_ms,0.02,0.14142135623730948,0.014373140335083008,0.1016334499788308
pos_267_hold_next_ms,0.02,0.14142135623730948,0.014077340364456176,0.09954182832778068
pos_038_hold_current_ms,0.06,0.3136356914300021,0.013927219957113266,0.06920745759617909
pos_210_up_down_ms,0.04,0.19794866372215741,0.013825000226497651,0.07752435734836764
pos_244_down_down_ms,0.02,0.14142135623730948,0.013626619577407836,0.09635475107834447
pos_226_hold_current_ms,0.02,0.14142135623730948,0.013460819721221923,0.09518236905205633
pos_249_up_up_ms,0.02,0.14142135623730948,0.013181819915771484,0.093209542508219
pos_260_hold_current_ms,0.02,0.14142135623730948,0.013123019933700561,0.09279376384765906
pos_238_up_down_ms,0.02,0.14142135623730948,0.011855779886245728,0.08383302353819429
pos_228_down_down_ms,0.02,0.14142135623730948,0.011754059791564941,0.08311375385087709
pos_239_down_down_ms,0.02,0.14142135623730948,0.011697399616241454,0.08271310590893251
pos_247_hold_current_ms,0.02,0.14142135623730948,0.011616859436035156,0.0821436008331139
pos_243_up_down_ms,0.02,0.14142135623730948,0.010852279663085938,0.07673720541100926
pos_291_down_down_ms,0.02,0.14142135623730948,0.010065699815750123,0.07117524597105092
pos_240_down_down_ms,0.02,0.14142135623730948,0.01000148057937622,0.07072114739582486
pos_234_hold_next_ms,0.08,0.5656854249492379,0.009290020018815993,0.06569036152663568
pos_239_hold_next_ms,0.02,0.14142135623730948,0.007915459871292115,0.05597075351200652
pos_224_down_down_ms,0.02,0.14142135623730948,0.007833300232887268,0.05538979713744747
pos_217_down_down_ms,0.02,0.14142135623730948,0.006960139870643616,0.0492156210053896
pos_205_up_up_ms,0.02,0.14142135623730948,0.005219159722328186,0.036905032317539596
pos_065_hold_current_ms,0.02,0.14142135623730948,0.005215759873390197,0.036880991755148966
pos_236_up_down_ms,0.02,0.1414213562373095,0.005119460225105285,0.03620005041186756
pos_213_up_up_ms,0.02,0.14142135623730948,0.004772019982337952,0.03374327689468875
pos_250_up_down_ms,0.02,0.14142135623730948,0.0047235599160194396,0.03340061247958305
pos_256_up_down_ms,0.02,0.14142135623730948,0.004261080026626587,0.03013038582006214
pos_247_up_down_ms,0.02,0.14142135623730948,0.0041703400015831,0.029488756949729265
pos_233_hold_next_ms,0.02,0.14142135623730948,0.004019100069999695,0.02841932913764112
pos_241_down_down_ms,0.02,0.14142135623730948,0.00379393994808197,0.026827206647032985
pos_243_down_down_ms,0.02,0.14142135623730948,0.003649579882621765,0.025806426834838532
pos_222_hold_next_ms,0.02,0.14142135623730948,0.0033285200595855715,0.023536191054484085
pos_257_up_down_ms,0.02,0.14142135623730948,0.003029020130634308,0.02141840674722081
pos_210_hold_current_ms,0.02,0.14142135623730948,0.0013157379627227782,0.009303672357058495
pos_233_up_down_ms,0.02,0.1414213562373095,0.0012366200238466262,0.008744224046130195
pos_239_down_up_ms,0.02,0.14142135623730948,0.0009203819930553436,0.006508083485714233
pos_205_down_up_ms,0.0,0.0,0.0,0.0
pos_207_up_up_ms,0.0,0.0,0.0,0.0
pos_208_down_up_ms,0.0,0.0,0.0,0.0
pos_218_down_up_ms,0.0,0.0,0.0,0.0
pos_221_hold_current_ms,0.0,0.0,0.0,0.0
pos_222_down_up_ms,0.0,0.0,0.0,0.0
pos_222_hold_current_ms,0.0,0.0,0.0,0.0
pos_222_up_up_ms,0.0,0.0,0.0,0.0
pos_223_down_down_ms,0.0,0.0,0.0,0.0
pos_226_up_down_ms,0.0,0.0,0.0,0.0
pos_226_up_up_ms,0.0,0.0,0.0,0.0
pos_228_hold_current_ms,0.0,0.0,0.0,0.0
pos_229_hold_current_ms,0.0,0.0,0.0,0.0
pos_230_down_up_ms,0.0,0.0,0.0,0.0
pos_232_up_up_ms,0.0,0.0,0.0,0.0
pos_233_down_down_ms,0.0,0.0,0.0,0.0
pos_233_hold_current_ms,0.0,0.0,0.0,0.0
pos_234_hold_current_ms,0.0,0.0,0.0,0.0
pos_235_down_down_ms,0.0,0.0,0.0,0.0
pos_235_hold_current_ms,0.0,0.0,0.0,0.0
pos_235_up_up_ms,0.0,0.0,0.0,0.0
pos_236_up_up_ms,0.0,0.0,0.0,0.0
pos_237_down_down_ms,0.0,0.0,0.0,0.0
pos_237_down_up_ms,0.0,0.0,0.0,0.0
pos_237_hold_current_ms,0.0,0.0,0.0,0.0
pos_237_hold_next_ms,0.0,0.0,0.0,0.0
pos_238_hold_current_ms,0.0,0.0,0.0,0.0
pos_238_hold_next_ms,0.0,0.0,0.0,0.0
pos_239_hold_current_ms,0.0,0.0,0.0,0.0
pos_239_up_up_ms,0.0,0.0,0.0,0.0
pos_240_down_up_ms,0.0,0.0,0.0,0.0
pos_240_hold_current_ms,0.0,0.0,0.0,0.0
pos_240_hold_next_ms,0.0,0.0,0.0,0.0
pos_240_up_down_ms,0.0,0.0,0.0,0.0
pos_240_up_up_ms,0.0,0.0,0.0,0.0
pos_241_down_up_ms,0.0,0.0,0.0,0.0
pos_241_hold_current_ms,0.0,0.0,0.0,0.0
pos_241_hold_next_ms,0.0,0.0,0.0,0.0
pos_241_up_down_ms,0.0,0.0,0.0,0.0
pos_242_hold_current_ms,0.0,0.0,0.0,0.0
pos_242_up_down_ms,0.0,0.0,0.0,0.0
pos_242_up_up_ms,0.0,0.0,0.0,0.0
pos_243_down_up_ms,0.0,0.0,0.0,0.0
pos_243_hold_current_ms,0.0,0.0,0.0,0.0
pos_243_up_up_ms,0.0,0.0,0.0,0.0
pos_244_down_up_ms,0.0,0.0,0.0,0.0
pos_244_hold_current_ms,0.0,0.0,0.0,0.0
pos_244_hold_next_ms,0.0,0.0,0.0,0.0
pos_244_up_down_ms,0.0,0.0,0.0,0.0
pos_244_up_up_ms,0.0,0.0,0.0,0.0
pos_245_down_down_ms,0.0,0.0,0.0,0.0
pos_245_down_up_ms,0.0,0.0,0.0,0.0
pos_245_hold_current_ms,0.0,0.0,0.0,0.0
pos_245_hold_next_ms,0.0,0.0,0.0,0.0
pos_245_up_down_ms,0.0,0.0,0.0,0.0
pos_245_up_up_ms,0.0,0.0,0.0,0.0
pos_246_up_up_ms,0.0,0.0,0.0,0.0
pos_248_down_down_ms,0.0,0.0,0.0,0.0
pos_248_down_up_ms,0.0,0.0,0.0,0.0
pos_248_hold_next_ms,0.0,0.0,0.0,0.0
pos_248_up_down_ms,0.0,0.0,0.0,0.0
pos_249_down_up_ms,0.0,0.0,0.0,0.0
pos_249_hold_current_ms,0.0,0.0,0.0,0.0
pos_250_hold_next_ms,0.0,0.0,0.0,0.0
pos_250_up_up_ms,0.0,0.0,0.0,0.0
pos_251_down_down_ms,0.0,0.0,0.0,0.0
pos_251_down_up_ms,0.0,0.0,0.0,0.0
pos_251_hold_next_ms,0.0,0.0,0.0,0.0
pos_251_up_down_ms,0.0,0.0,0.0,0.0
pos_251_up_up_ms,0.0,0.0,0.0,0.0
pos_252_down_down_ms,0.0,0.0,0.0,0.0
pos_252_hold_current_ms,0.0,0.0,0.0,0.0
pos_252_hold_next_ms,0.0,0.0,0.0,0.0
pos_252_up_down_ms,0.0,0.0,0.0,0.0
pos_252_up_up_ms,0.0,0.0,0.0,0.0
pos_253_down_down_ms,0.0,0.0,0.0,0.0
pos_253_down_up_ms,0.0,0.0,0.0,0.0
pos_253_hold_current_ms,0.0,0.0,0.0,0.0
pos_253_hold_next_ms,0.0,0.0,0.0,0.0
pos_253_up_down_ms,0.0,0.0,0.0,0.0
pos_253_up_up_ms,0.0,0.0,0.0,0.0
pos_254_down_down_ms,0.0,0.0,0.0,0.0
pos_254_down_up_ms,0.0,0.0,0.0,0.0
pos_254_hold_current_ms,0.0,0.0,0.0,0.0
pos_254_hold_next_ms,0.0,0.0,0.0,0.0
pos_254_up_down_ms,0.0,0.0,0.0,0.0
pos_254_up_up_ms,0.0,0.0,0.0,0.0
pos_255_down_up_ms,0.0,0.0,0.0,0.0
pos_255_hold_current_ms,0.0,0.0,0.0,0.0
pos_255_hold_next_ms,0.0,0.0,0.0,0.0
pos_255_up_down_ms,0.0,0.0,0.0,0.0
pos_255_up_up_ms,0.0,0.0,0.0,0.0
pos_256_down_down_ms,0.0,0.0,0.0,0.0
pos_256_down_up_ms,0.0,0.0,0.0,0.0
pos_256_hold_current_ms,0.0,0.0,0.0,0.0
pos_256_hold_next_ms,0.0,0.0,0.0,0.0
pos_256_up_up_ms,0.0,0.0,0.0,0.0
pos_257_down_down_ms,0.0,0.0,0.0,0.0
pos_257_down_up_ms,0.0,0.0,0.0,0.0
pos_257_hold_current_ms,0.0,0.0,0.0,0.0
pos_257_hold_next_ms,0.0,0.0,0.0,0.0
pos_257_up_up_ms,0.0,0.0,0.0,0.0
pos_258_down_up_ms,0.0,0.0,0.0,0.0
pos_258_hold_current_ms,0.0,0.0,0.0,0.0
pos_258_hold_next_ms,0.0,0.0,0.0,0.0
pos_258_up_up_ms,0.0,0.0,0.0,0.0
pos_259_down_down_ms,0.0,0.0,0.0,0.0
pos_259_down_up_ms,0.0,0.0,0.0,0.0
pos_259_hold_current_ms,0.0,0.0,0.0,0.0
pos_259_up_down_ms,0.0,0.0,0.0,0.0
pos_259_up_up_ms,0.0,0.0,0.0,0.0
pos_260_down_down_ms,0.0,0.0,0.0,0.0
pos_260_down_up_ms,0.0,0.0,0.0,0.0
pos_260_hold_next_ms,0.0,0.0,0.0,0.0
pos_260_up_down_ms,0.0,0.0,0.0,0.0
pos_260_up_up_ms,0.0,0.0,0.0,0.0
pos_261_down_down_ms,0.0,0.0,0.0,0.0
pos_261_down_up_ms,0.0,0.0,0.0,0.0
pos_261_hold_current_ms,0.0,0.0,0.0,0.0
pos_261_hold_next_ms,0.0,0.0,0.0,0.0
pos_261_up_down_ms,0.0,0.0,0.0,0.0
pos_261_up_up_ms,0.0,0.0,0.0,0.0
pos_262_down_down_ms,0.0,0.0,0.0,0.0
pos_262_down_up_ms,0.0,0.0,0.0,0.0
pos_262_hold_current_ms,0.0,0.0,0.0,0.0
pos_262_hold_next_ms,0.0,0.0,0.0,0.0
pos_262_up_down_ms,0.0,0.0,0.0,0.0
pos_262_up_up_ms,0.0,0.0,0.0,0.0
pos_263_down_down_ms,0.0,0.0,0.0,0.0
pos_263_down_up_ms,0.0,0.0,0.0,0.0
pos_263_hold_current_ms,0.0,0.0,0.0,0.0
pos_263_hold_next_ms,0.0,0.0,0.0,0.0
pos_263_up_down_ms,0.0,0.0,0.0,0.0
pos_263_up_up_ms,0.0,0.0,0.0,0.0
pos_264_down_down_ms,0.0,0.0,0.0,0.0
pos_264_down_up_ms,0.0,0.0,0.0,0.0
pos_264_hold_current_ms,0.0,0.0,0.0,0.0
pos_264_hold_next_ms,0.0,0.0,0.0,0.0
pos_264_up_down_ms,0.0,0.0,0.0,0.0
pos_264_up_up_ms,0.0,0.0,0.0,0.0
pos_265_down_down_ms,0.0,0.0,0.0,0.0
pos_265_down_up_ms,0.0,0.0,0.0,0.0
pos_265_hold_current_ms,0.0,0.0,0.0,0.0
pos_265_hold_next_ms,0.0,0.0,0.0,0.0
pos_265_up_down_ms,0.0,0.0,0.0,0.0
pos_265_up_up_ms,0.0,0.0,0.0,0.0
pos_266_down_down_ms,0.0,0.0,0.0,0.0
pos_266_down_up_ms,0.0,0.0,0.0,0.0
pos_266_hold_current_ms,0.0,0.0,0.0,0.0
pos_266_hold_next_ms,0.0,0.0,0.0,0.0
pos_266_up_down_ms,0.0,0.0,0.0,0.0
pos_266_up_up_ms,0.0,0.0,0.0,0.0
pos_267_down_down_ms,0.0,0.0,0.0,0.0
pos_267_down_up_ms,0.0,0.0,0.0,0.0
pos_267_hold_current_ms,0.0,0.0,0.0,0.0
pos_267_up_down_ms,0.0,0.0,0.0,0.0
pos_267_up_up_ms,0.0,0.0,0.0,0.0
pos_268_down_down_ms,0.0,0.0,0.0,0.0
pos_268_down_up_ms,0.0,0.0,0.0,0.0
pos_268_hold_current_ms,0.0,0.0,0.0,0.0
pos_268_hold_next_ms,0.0,0.0,0.0,0.0
pos_268_up_down_ms,0.0,0.0,0.0,0.0
pos_268_up_up_ms,0.0,0.0,0.0,0.0
pos_269_down_down_ms,0.0,0.0,0.0,0.0
pos_269_down_up_ms,0.0,0.0,0.0,0.0
pos_269_hold_current_ms,0.0,0.0,0.0,0.0
pos_269_up_down_ms,0.0,0.0,0.0,0.0
pos_269_up_up_ms,0.0,0.0,0.0,0.0
pos_270_down_up_ms,0.0,0.0,0.0,0.0
pos_270_hold_current_ms,0.0,0.0,0.0,0.0
pos_270_hold_next_ms,0.0,0.0,0.0,0.0
pos_270_up_up_ms,0.0,0.0,0.0,0.0
pos_271_down_down_ms,0.0,0.0,0.0,0.0
pos_271_down_up_ms,0.0,0.0,0.0,0.0
pos_271_hold_current_ms,0.0,0.0,0.0,0.0
pos_271_up_down_ms,0.0,0.0,0.0,0.0
pos_271_up_up_ms,0.0,0.0,0.0,0.0
pos_272_down_down_ms,0.0,0.0,0.0,0.0
pos_272_down_up_ms,0.0,0.0,0.0,0.0
pos_272_hold_current_ms,0.0,0.0,0.0,0.0
pos_272_hold_next_ms,0.0,0.0,0.0,0.0
pos_272_up_down_ms,0.0,0.0,0.0,0.0
pos_272_up_up_ms,0.0,0.0,0.0,0.0
pos_273_down_down_ms,0.0,0.0,0.0,0.0
pos_273_down_up_ms,0.0,0.0,0.0,0.0
pos_273_hold_current_ms,0.0,0.0,0.0,0.0
pos_273_hold_next_ms,0.0,0.0,0.0,0.0
pos_273_up_down_ms,0.0,0.0,0.0,0.0
pos_273_up_up_ms,0.0,0.0,0.0,0.0
pos_274_down_down_ms,0.0,0.0,0.0,0.0
pos_274_down_up_ms,0.0,0.0,0.0,0.0
pos_274_hold_current_ms,0.0,0.0,0.0,0.0
pos_274_hold_next_ms,0.0,0.0,0.0,0.0
pos_274_up_down_ms,0.0,0.0,0.0,0.0
pos_274_up_up_ms,0.0,0.0,0.0,0.0
pos_275_down_down_ms,0.0,0.0,0.0,0.0
pos_275_down_up_ms,0.0,0.0,0.0,0.0
pos_275_hold_current_ms,0.0,0.0,0.0,0.0
pos_275_hold_next_ms,0.0,0.0,0.0,0.0
pos_275_up_down_ms,0.0,0.0,0.0,0.0
pos_275_up_up_ms,0.0,0.0,0.0,0.0
pos_276_down_down_ms,0.0,0.0,0.0,0.0
pos_276_down_up_ms,0.0,0.0,0.0,0.0
pos_276_hold_current_ms,0.0,0.0,0.0,0.0
pos_276_hold_next_ms,0.0,0.0,0.0,0.0
pos_276_up_down_ms,0.0,0.0,0.0,0.0
pos_276_up_up_ms,0.0,0.0,0.0,0.0
pos_277_down_down_ms,0.0,0.0,0.0,0.0
pos_277_down_up_ms,0.0,0.0,0.0,0.0
pos_277_hold_current_ms,0.0,0.0,0.0,0.0
pos_277_hold_next_ms,0.0,0.0,0.0,0.0
pos_277_up_down_ms,0.0,0.0,0.0,0.0
pos_277_up_up_ms,0.0,0.0,0.0,0.0
pos_278_down_down_ms,0.0,0.0,0.0,0.0
pos_278_down_up_ms,0.0,0.0,0.0,0.0
pos_278_hold_current_ms,0.0,0.0,0.0,0.0
pos_278_hold_next_ms,0.0,0.0,0.0,0.0
pos_278_up_down_ms,0.0,0.0,0.0,0.0
pos_278_up_up_ms,0.0,0.0,0.0,0.0
pos_279_down_down_ms,0.0,0.0,0.0,0.0
pos_279_down_up_ms,0.0,0.0,0.0,0.0
pos_279_hold_current_ms,0.0,0.0,0.0,0.0
pos_279_hold_next_ms,0.0,0.0,0.0,0.0
pos_279_up_down_ms,0.0,0.0,0.0,0.0
pos_279_up_up_ms,0.0,0.0,0.0,0.0
pos_280_down_down_ms,0.0,0.0,0.0,0.0
pos_280_down_up_ms,0.0,0.0,0.0,0.0
pos_280_hold_current_ms,0.0,0.0,0.0,0.0
pos_280_hold_next_ms,0.0,0.0,0.0,0.0
pos_280_up_down_ms,0.0,0.0,0.0,0.0
pos_280_up_up_ms,0.0,0.0,0.0,0.0
pos_281_down_down_ms,0.0,0.0,0.0,0.0
pos_281_down_up_ms,0.0,0.0,0.0,0.0
pos_281_hold_current_ms,0.0,0.0,0.0,0.0
pos_281_hold_next_ms,0.0,0.0,0.0,0.0
pos_281_up_down_ms,0.0,0.0,0.0,0.0
pos_281_up_up_ms,0.0,0.0,0.0,0.0
pos_282_down_down_ms,0.0,0.0,0.0,0.0
pos_282_down_up_ms,0.0,0.0,0.0,0.0
pos_282_hold_current_ms,0.0,0.0,0.0,0.0
pos_282_hold_next_ms,0.0,0.0,0.0,0.0
pos_282_up_down_ms,0.0,0.0,0.0,0.0
pos_282_up_up_ms,0.0,0.0,0.0,0.0
pos_283_down_down_ms,0.0,0.0,0.0,0.0
pos_283_down_up_ms,0.0,0.0,0.0,0.0
pos_283_hold_current_ms,0.0,0.0,0.0,0.0
pos_283_hold_next_ms,0.0,0.0,0.0,0.0
pos_283_up_down_ms,0.0,0.0,0.0,0.0
pos_283_up_up_ms,0.0,0.0,0.0,0.0
pos_284_down_down_ms,0.0,0.0,0.0,0.0
pos_284_down_up_ms,0.0,0.0,0.0,0.0
pos_284_hold_current_ms,0.0,0.0,0.0,0.0
pos_284_hold_next_ms,0.0,0.0,0.0,0.0
pos_284_up_down_ms,0.0,0.0,0.0,0.0
pos_284_up_up_ms,0.0,0.0,0.0,0.0
pos_285_down_down_ms,0.0,0.0,0.0,0.0
pos_285_down_up_ms,0.0,0.0,0.0,0.0
pos_285_hold_current_ms,0.0,0.0,0.0,0.0
pos_285_hold_next_ms,0.0,0.0,0.0,0.0
pos_285_up_down_ms,0.0,0.0,0.0,0.0
pos_285_up_up_ms,0.0,0.0,0.0,0.0
pos_286_down_down_ms,0.0,0.0,0.0,0.0
pos_286_down_up_ms,0.0,0.0,0.0,0.0
pos_286_hold_current_ms,0.0,0.0,0.0,0.0
pos_286_hold_next_ms,0.0,0.0,0.0,0.0
pos_286_up_down_ms,0.0,0.0,0.0,0.0
pos_286_up_up_ms,0.0,0.0,0.0,0.0
pos_287_down_down_ms,0.0,0.0,0.0,0.0
pos_287_down_up_ms,0.0,0.0,0.0,0.0
pos_287_hold_current_ms,0.0,0.0,0.0,0.0
pos_287_hold_next_ms,0.0,0.0,0.0,0.0
pos_287_up_down_ms,0.0,0.0,0.0,0.0
pos_287_up_up_ms,0.0,0.0,0.0,0.0
pos_288_down_down_ms,0.0,0.0,0.0,0.0
pos_288_down_up_ms,0.0,0.0,0.0,0.0
pos_288_hold_current_ms,0.0,0.0,0.0,0.0
pos_288_hold_next_ms,0.0,0.0,0.0,0.0
pos_288_up_down_ms,0.0,0.0,0.0,0.0
pos_288_up_up_ms,0.0,0.0,0.0,0.0
pos_289_down_down_ms,0.0,0.0,0.0,0.0
pos_289_down_up_ms,0.0,0.0,0.0,0.0
pos_289_hold_current_ms,0.0,0.0,0.0,0.0
pos_289_hold_next_ms,0.0,0.0,0.0,0.0
pos_289_up_down_ms,0.0,0.0,0.0,0.0
pos_289_up_up_ms,0.0,0.0,0.0,0.0
pos_290_down_down_ms,0.0,0.0,0.0,0.0
pos_290_down_up_ms,0.0,0.0,0.0,0.0
pos_290_hold_current_ms,0.0,0.0,0.0,0.0
pos_290_hold_next_ms,0.0,0.0,0.0,0.0
pos_290_up_down_ms,0.0,0.0,0.0,0.0
pos_290_up_up_ms,0.0,0.0,0.0,0.0
pos_291_down_up_ms,0.0,0.0,0.0,0.0
pos_291_hold_current_ms,0.0,0.0,0.0,0.0
pos_291_hold_next_ms,0.0,0.0,0.0,0.0
pos_291_up_down_ms,0.0,0.0,0.0,0.0
pos_291_up_up_ms,0.0,0.0,0.0,0.0
pos_292_down_down_ms,0.0,0.0,0.0,0.0
pos_292_down_up_ms,0.0,0.0,0.0,0.0
pos_292_hold_current_ms,0.0,0.0,0.0,0.0
pos_292_hold_next_ms,0.0,0.0,0.0,0.0
pos_292_up_down_ms,0.0,0.0,0.0,0.0
pos_292_up_up_ms,0.0,0.0,0.0,0.0
pos_293_down_down_ms,0.0,0.0,0.0,0.0
pos_293_down_up_ms,0.0,0.0,0.0,0.0
pos_293_hold_current_ms,0.0,0.0,0.0,0.0
pos_293_hold_next_ms,0.0,0.0,0.0,0.0
pos_293_up_down_ms,0.0,0.0,0.0,0.0
pos_293_up_up_ms,0.0,0.0,0.0,0.0
pos_294_down_down_ms,0.0,0.0,0.0,0.0
pos_294_down_up_ms,0.0,0.0,0.0,0.0
pos_294_hold_current_ms,0.0,0.0,0.0,0.0
pos_294_hold_next_ms,0.0,0.0,0.0,0.0
pos_294_up_down_ms,0.0,0.0,0.0,0.0
pos_294_up_up_ms,0.0,0.0,0.0,0.0
pos_295_down_down_ms,0.0,0.0,0.0,0.0
pos_295_down_up_ms,0.0,0.0,0.0,0.0
pos_295_hold_current_ms,0.0,0.0,0.0,0.0
pos_295_hold_next_ms,0.0,0.0,0.0,0.0
pos_295_up_down_ms,0.0,0.0,0.0,0.0
pos_295_up_up_ms,0.0,0.0,0.0,0.0
pos_296_down_down_ms,0.0,0.0,0.0,0.0
pos_296_down_up_ms,0.0,0.0,0.0,0.0
pos_296_hold_current_ms,0.0,0.0,0.0,0.0
pos_296_hold_next_ms,0.0,0.0,0.0,0.0
pos_296_up_down_ms,0.0,0.0,0.0,0.0
pos_296_up_up_ms,0.0,0.0,0.0,0.0
pos_297_down_down_ms,0.0,0.0,0.0,0.0
pos_297_down_up_ms,0.0,0.0,0.0,0.0
pos_297_hold_current_ms,0.0,0.0,0.0,0.0
pos_297_hold_next_ms,0.0,0.0,0.0,0.0
pos_297_up_down_ms,0.0,0.0,0.0,0.0
pos_297_up_up_ms,0.0,0.0,0.0,0.0
pos_298_down_down_ms,0.0,0.0,0.0,0.0
pos_298_down_up_ms,0.0,0.0,0.0,0.0
pos_298_hold_current_ms,0.0,0.0,0.0,0.0
pos_298_hold_next_ms,0.0,0.0,0.0,0.0
pos_298_up_down_ms,0.0,0.0,0.0,0.0
pos_298_up_up_ms,0.0,0.0,0.0,0.0
pos_299_down_down_ms,0.0,0.0,0.0,0.0
pos_299_down_up_ms,0.0,0.0,0.0,0.0
pos_299_hold_current_ms,0.0,0.0,0.0,0.0
pos_299_hold_next_ms,0.0,0.0,0.0,0.0
pos_299_up_down_ms,0.0,0.0,0.0,0.0
pos_299_up_up_ms,0.0,0.0,0.0,0.0
pos_300_down_down_ms,0.0,0.0,0.0,0.0
pos_300_down_up_ms,0.0,0.0,0.0,0.0
pos_300_hold_current_ms,0.0,0.0,0.0,0.0
pos_300_hold_next_ms,0.0,0.0,0.0,0.0
pos_300_up_down_ms,0.0,0.0,0.0,0.0
pos_300_up_up_ms,0.0,0.0,0.0,0.0
pos_301_down_down_ms,0.0,0.0,0.0,0.0
pos_301_down_up_ms,0.0,0.0,0.0,0.0
pos_301_hold_current_ms,0.0,0.0,0.0,0.0
pos_301_hold_next_ms,0.0,0.0,0.0,0.0
pos_301_up_down_ms,0.0,0.0,0.0,0.0
pos_301_up_up_ms,0.0,0.0,0.0,0.0
pos_302_down_down_ms,0.0,0.0,0.0,0.0
pos_302_down_up_ms,0.0,0.0,0.0,0.0
pos_302_hold_current_ms,0.0,0.0,0.0,0.0
pos_302_hold_next_ms,0.0,0.0,0.0,0.0
pos_302_up_down_ms,0.0,0.0,0.0,0.0
pos_302_up_up_ms,0.0,0.0,0.0,0.0
pos_303_down_down_ms,0.0,0.0,0.0,0.0
pos_303_down_up_ms,0.0,0.0,0.0,0.0
pos_303_hold_current_ms,0.0,0.0,0.0,0.0
pos_303_hold_next_ms,0.0,0.0,0.0,0.0
pos_303_up_down_ms,0.0,0.0,0.0,0.0
pos_303_up_up_ms,0.0,0.0,0.0,0.0
pos_304_down_down_ms,0.0,0.0,0.0,0.0
pos_304_down_up_ms,0.0,0.0,0.0,0.0
pos_304_hold_current_ms,0.0,0.0,0.0,0.0
pos_304_hold_next_ms,0.0,0.0,0.0,0.0
pos_304_up_down_ms,0.0,0.0,0.0,0.0
pos_304_up_up_ms,0.0,0.0,0.0,0.0
pos_305_down_down_ms,0.0,0.0,0.0,0.0
pos_305_down_up_ms,0.0,0.0,0.0,0.0
pos_305_hold_current_ms,0.0,0.0,0.0,0.0
pos_305_hold_next_ms,0.0,0.0,0.0,0.0
pos_305_up_down_ms,0.0,0.0,0.0,0.0
pos_305_up_up_ms,0.0,0.0,0.0,0.0
pos_306_down_down_ms,0.0,0.0,0.0,0.0
pos_306_down_up_ms,0.0,0.0,0.0,0.0
pos_306_hold_current_ms,0.0,0.0,0.0,0.0
pos_306_hold_next_ms,0.0,0.0,0.0,0.0
pos_306_up_down_ms,0.0,0.0,0.0,0.0
pos_306_up_up_ms,0.0,0.0,0.0,0.0
pos_307_down_down_ms,0.0,0.0,0.0,0.0
pos_307_down_up_ms,0.0,0.0,0.0,0.0
pos_307_hold_current_ms,0.0,0.0,0.0,0.0
pos_307_hold_next_ms,0.0,0.0,0.0,0.0
pos_307_up_down_ms,0.0,0.0,0.0,0.0
pos_307_up_up_ms,0.0,0.0,0.0,0.0
pos_308_down_down_ms,0.0,0.0,0.0,0.0
pos_308_down_up_ms,0.0,0.0,0.0,0.0
pos_308_hold_current_ms,0.0,0.0,0.0,0.0
pos_308_hold_next_ms,0.0,0.0,0.0,0.0
pos_308_up_down_ms,0.0,0.0,0.0,0.0
pos_308_up_up_ms,0.0,0.0,0.0,0.0
pos_309_down_down_ms,0.0,0.0,0.0,0.0
pos_309_down_up_ms,0.0,0.0,0.0,0.0
pos_309_hold_current_ms,0.0,0.0,0.0,0.0
pos_309_hold_next_ms,0.0,0.0,0.0,0.0
pos_309_up_down_ms,0.0,0.0,0.0,0.0
pos_309_up_up_ms,0.0,0.0,0.0,0.0
pos_310_down_down_ms,0.0,0.0,0.0,0.0
pos_310_down_up_ms,0.0,0.0,0.0,0.0
pos_310_hold_current_ms,0.0,0.0,0.0,0.0
pos_310_hold_next_ms,0.0,0.0,0.0,0.0
pos_310_up_down_ms,0.0,0.0,0.0,0.0
pos_310_up_up_ms,0.0,0.0,0.0,0.0
pos_311_down_down_ms,0.0,0.0,0.0,0.0
pos_311_down_up_ms,0.0,0.0,0.0,0.0
pos_311_hold_current_ms,0.0,0.0,0.0,0.0
pos_311_hold_next_ms,0.0,0.0,0.0,0.0
pos_311_up_down_ms,0.0,0.0,0.0,0.0
pos_311_up_up_ms,0.0,0.0,0.0,0.0
pos_312_down_down_ms,0.0,0.0,0.0,0.0
pos_312_down_up_ms,0.0,0.0,0.0,0.0
pos_312_hold_current_ms,0.0,0.0,0.0,0.0
pos_312_hold_next_ms,0.0,0.0,0.0,0.0
pos_312_up_down_ms,0.0,0.0,0.0,0.0
pos_312_up_up_ms,0.0,0.0,0.0,0.0
pos_313_down_down_ms,0.0,0.0,0.0,0.0
pos_313_down_up_ms,0.0,0.0,0.0,0.0
pos_313_hold_current_ms,0.0,0.0,0.0,0.0
pos_313_hold_next_ms,0.0,0.0,0.0,0.0
pos_313_up_down_ms,0.0,0.0,0.0,0.0
pos_313_up_up_ms,0.0,0.0,0.0,0.0
pos_314_down_down_ms,0.0,0.0,0.0,0.0
pos_314_down_up_ms,0.0,0.0,0.0,0.0
pos_314_hold_current_ms,0.0,0.0,0.0,0.0
pos_314_hold_next_ms,0.0,0.0,0.0,0.0
pos_314_up_down_ms,0.0,0.0,0.0,0.0
pos_314_up_up_ms,0.0,0.0,0.0,0.0
pos_315_down_down_ms,0.0,0.0,0.0,0.0
pos_315_down_up_ms,0.0,0.0,0.0,0.0
pos_315_hold_current_ms,0.0,0.0,0.0,0.0
pos_315_hold_next_ms,0.0,0.0,0.0,0.0
pos_315_up_down_ms,0.0,0.0,0.0,0.0
pos_315_up_up_ms,0.0,0.0,0.0,0.0
pos_316_down_down_ms,0.0,0.0,0.0,0.0
pos_316_down_up_ms,0.0,0.0,0.0,0.0
pos_316_hold_current_ms,0.0,0.0,0.0,0.0
pos_316_hold_next_ms,0.0,0.0,0.0,0.0
pos_316_up_down_ms,0.0,0.0,0.0,0.0
pos_316_up_up_ms,0.0,0.0,0.0,0.0
pos_317_down_down_ms,0.0,0.0,0.0,0.0
pos_317_down_up_ms,0.0,0.0,0.0,0.0
pos_317_hold_current_ms,0.0,0.0,0.0,0.0
pos_317_hold_next_ms,0.0,0.0,0.0,0.0
pos_317_up_down_ms,0.0,0.0,0.0,0.0
pos_317_up_up_ms,0.0,0.0,0.0,0.0
pos_318_down_down_ms,0.0,0.0,0.0,0.0
pos_318_down_up_ms,0.0,0.0,0.0,0.0
pos_318_hold_current_ms,0.0,0.0,0.0,0.0
pos_318_hold_next_ms,0.0,0.0,0.0,0.0
pos_318_up_down_ms,0.0,0.0,0.0,0.0
pos_318_up_up_ms,0.0,0.0,0.0,0.0
pos_319_down_down_ms,0.0,0.0,0.0,0.0
pos_319_down_up_ms,0.0,0.0,0.0,0.0
pos_319_hold_current_ms,0.0,0.0,0.0,0.0
pos_319_hold_next_ms,0.0,0.0,0.0,0.0
pos_319_up_down_ms,0.0,0.0,0.0,0.0
pos_319_up_up_ms,0.0,0.0,0.0,0.0
pos_320_down_down_ms,0.0,0.0,0.0,0.0
pos_320_down_up_ms,0.0,0.0,0.0,0.0
pos_320_hold_current_ms,0.0,0.0,0.0,0.0
pos_320_hold_next_ms,0.0,0.0,0.0,0.0
pos_320_up_down_ms,0.0,0.0,0.0,0.0
pos_320_up_up_ms,0.0,0.0,0.0,0.0
pos_321_down_down_ms,0.0,0.0,0.0,0.0
pos_321_down_up_ms,0.0,0.0,0.0,0.0
pos_321_hold_current_ms,0.0,0.0,0.0,0.0
pos_321_hold_next_ms,0.0,0.0,0.0,0.0
pos_321_up_down_ms,0.0,0.0,0.0,0.0
pos_321_up_up_ms,0.0,0.0,0.0,0.0
pos_322_down_down_ms,0.0,0.0,0.0,0.0
pos_322_down_up_ms,0.0,0.0,0.0,0.0
pos_322_hold_current_ms,0.0,0.0,0.0,0.0
pos_322_hold_next_ms,0.0,0.0,0.0,0.0
pos_322_up_down_ms,0.0,0.0,0.0,0.0
pos_322_up_up_ms,0.0,0.0,0.0,0.0
pos_323_down_down_ms,0.0,0.0,0.0,0.0
pos_323_down_up_ms,0.0,0.0,0.0,0.0
pos_323_hold_current_ms,0.0,0.0,0.0,0.0
pos_323_hold_next_ms,0.0,0.0,0.0,0.0
pos_323_up_down_ms,0.0,0.0,0.0,0.0
pos_323_up_up_ms,0.0,0.0,0.0,0.0
pos_324_down_down_ms,0.0,0.0,0.0,0.0
pos_324_down_up_ms,0.0,0.0,0.0,0.0
pos_324_hold_current_ms,0.0,0.0,0.0,0.0
pos_324_hold_next_ms,0.0,0.0,0.0,0.0
pos_324_up_down_ms,0.0,0.0,0.0,0.0
pos_324_up_up_ms,0.0,0.0,0.0,0.0
pos_325_down_down_ms,0.0,0.0,0.0,0.0
pos_325_down_up_ms,0.0,0.0,0.0,0.0
pos_325_hold_current_ms,0.0,0.0,0.0,0.0
pos_325_hold_next_ms,0.0,0.0,0.0,0.0
pos_325_up_down_ms,0.0,0.0,0.0,0.0
pos_325_up_up_ms,0.0,0.0,0.0,0.0
pos_326_down_down_ms,0.0,0.0,0.0,0.0
pos_326_down_up_ms,0.0,0.0,0.0,0.0
pos_326_hold_current_ms,0.0,0.0,0.0,0.0
pos_326_hold_next_ms,0.0,0.0,0.0,0.0
pos_326_up_down_ms,0.0,0.0,0.0,0.0
pos_326_up_up_ms,0.0,0.0,0.0,0.0
pos_327_down_down_ms,0.0,0.0,0.0,0.0
pos_327_down_up_ms,0.0,0.0,0.0,0.0
pos_327_hold_current_ms,0.0,0.0,0.0,0.0
pos_327_hold_next_ms,0.0,0.0,0.0,0.0
pos_327_up_down_ms,0.0,0.0,0.0,0.0
pos_327_up_up_ms,0.0,0.0,0.0,0.0
pos_328_down_down_ms,0.0,0.0,0.0,0.0
pos_328_down_up_ms,0.0,0.0,0.0,0.0
pos_328_hold_current_ms,0.0,0.0,0.0,0.0
pos_328_hold_next_ms,0.0,0.0,0.0,0.0
pos_328_up_down_ms,0.0,0.0,0.0,0.0
pos_328_up_up_ms,0.0,0.0,0.0,0.0
pos_329_down_down_ms,0.0,0.0,0.0,0.0
pos_329_down_up_ms,0.0,0.0,0.0,0.0
pos_329_hold_current_ms,0.0,0.0,0.0,0.0
pos_329_hold_next_ms,0.0,0.0,0.0,0.0
pos_329_up_down_ms,0.0,0.0,0.0,0.0
pos_329_up_up_ms,0.0,0.0,0.0,0.0
pos_330_down_down_ms,0.0,0.0,0.0,0.0
pos_330_down_up_ms,0.0,0.0,0.0,0.0
pos_330_hold_current_ms,0.0,0.0,0.0,0.0
pos_330_hold_next_ms,0.0,0.0,0.0,0.0
pos_330_up_down_ms,0.0,0.0,0.0,0.0
pos_330_up_up_ms,0.0,0.0,0.0,0.0
pos_331_down_down_ms,0.0,0.0,0.0,0.0
pos_331_down_up_ms,0.0,0.0,0.0,0.0
pos_331_hold_current_ms,0.0,0.0,0.0,0.0
pos_331_hold_next_ms,0.0,0.0,0.0,0.0
pos_331_up_down_ms,0.0,0.0,0.0,0.0
pos_331_up_up_ms,0.0,0.0,0.0,0.0
pos_332_down_down_ms,0.0,0.0,0.0,0.0
pos_332_down_up_ms,0.0,0.0,0.0,0.0
pos_332_hold_current_ms,0.0,0.0,0.0,0.0
pos_332_hold_next_ms,0.0,0.0,0.0,0.0
pos_332_up_down_ms,0.0,0.0,0.0,0.0
pos_332_up_up_ms,0.0,0.0,0.0,0.0
pos_333_down_down_ms,0.0,0.0,0.0,0.0
pos_333_down_up_ms,0.0,0.0,0.0,0.0
pos_333_hold_current_ms,0.0,0.0,0.0,0.0
pos_333_hold_next_ms,0.0,0.0,0.0,0.0
pos_333_up_down_ms,0.0,0.0,0.0,0.0
pos_333_up_up_ms,0.0,0.0,0.0,0.0
pos_334_down_down_ms,0.0,0.0,0.0,0.0
pos_334_down_up_ms,0.0,0.0,0.0,0.0
pos_334_hold_current_ms,0.0,0.0,0.0,0.0
pos_334_hold_next_ms,0.0,0.0,0.0,0.0
pos_334_up_down_ms,0.0,0.0,0.0,0.0
pos_334_up_up_ms,0.0,0.0,0.0,0.0
pos_335_down_down_ms,0.0,0.0,0.0,0.0
pos_335_down_up_ms,0.0,0.0,0.0,0.0
pos_335_hold_current_ms,0.0,0.0,0.0,0.0
pos_335_hold_next_ms,0.0,0.0,0.0,0.0
pos_335_up_down_ms,0.0,0.0,0.0,0.0
pos_335_up_up_ms,0.0,0.0,0.0,0.0
pos_336_down_down_ms,0.0,0.0,0.0,0.0
pos_336_down_up_ms,0.0,0.0,0.0,0.0
pos_336_hold_current_ms,0.0,0.0,0.0,0.0
pos_336_hold_next_ms,0.0,0.0,0.0,0.0
pos_336_up_down_ms,0.0,0.0,0.0,0.0
pos_336_up_up_ms,0.0,0.0,0.0,0.0
pos_337_down_down_ms,0.0,0.0,0.0,0.0
pos_337_down_up_ms,0.0,0.0,0.0,0.0
pos_337_hold_current_ms,0.0,0.0,0.0,0.0
pos_337_hold_next_ms,0.0,0.0,0.0,0.0
pos_337_up_down_ms,0.0,0.0,0.0,0.0
pos_337_up_up_ms,0.0,0.0,0.0,0.0
pos_338_down_down_ms,0.0,0.0,0.0,0.0
pos_338_down_up_ms,0.0,0.0,0.0,0.0
pos_338_hold_current_ms,0.0,0.0,0.0,0.0
pos_338_hold_next_ms,0.0,0.0,0.0,0.0
pos_338_up_down_ms,0.0,0.0,0.0,0.0
pos_338_up_up_ms,0.0,0.0,0.0,0.0
pos_339_down_down_ms,0.0,0.0,0.0,0.0
pos_339_down_up_ms,0.0,0.0,0.0,0.0
pos_339_hold_current_ms,0.0,0.0,0.0,0.0
pos_339_hold_next_ms,0.0,0.0,0.0,0.0
pos_339_up_down_ms,0.0,0.0,0.0,0.0
pos_339_up_up_ms,0.0,0.0,0.0,0.0
pos_340_down_down_ms,0.0,0.0,0.0,0.0
pos_340_down_up_ms,0.0,0.0,0.0,0.0
pos_340_hold_current_ms,0.0,0.0,0.0,0.0
pos_340_hold_next_ms,0.0,0.0,0.0,0.0
pos_340_up_down_ms,0.0,0.0,0.0,0.0
pos_340_up_up_ms,0.0,0.0,0.0,0.0
pos_341_down_down_ms,0.0,0.0,0.0,0.0
pos_341_down_up_ms,0.0,0.0,0.0,0.0
pos_341_hold_current_ms,0.0,0.0,0.0,0.0
pos_341_hold_next_ms,0.0,0.0,0.0,0.0
pos_341_up_down_ms,0.0,0.0,0.0,0.0
pos_341_up_up_ms,0.0,0.0,0.0,0.0
pos_342_down_down_ms,0.0,0.0,0.0,0.0
pos_342_down_up_ms,0.0,0.0,0.0,0.0
pos_342_hold_current_ms,0.0,0.0,0.0,0.0
pos_342_hold_next_ms,0.0,0.0,0.0,0.0
pos_342_up_down_ms,0.0,0.0,0.0,0.0
pos_342_up_up_ms,0.0,0.0,0.0,0.0
pos_343_down_down_ms,0.0,0.0,0.0,0.0
pos_343_down_up_ms,0.0,0.0,0.0,0.0
pos_343_hold_current_ms,0.0,0.0,0.0,0.0
pos_343_hold_next_ms,0.0,0.0,0.0,0.0
pos_343_up_down_ms,0.0,0.0,0.0,0.0
pos_343_up_up_ms,0.0,0.0,0.0,0.0
pos_344_down_down_ms,0.0,0.0,0.0,0.0
pos_344_down_up_ms,0.0,0.0,0.0,0.0
pos_344_hold_current_ms,0.0,0.0,0.0,0.0
pos_344_hold_next_ms,0.0,0.0,0.0,0.0
pos_344_up_down_ms,0.0,0.0,0.0,0.0
pos_344_up_up_ms,0.0,0.0,0.0,0.0
pos_345_down_down_ms,0.0,0.0,0.0,0.0
pos_345_down_up_ms,0.0,0.0,0.0,0.0
pos_345_hold_current_ms,0.0,0.0,0.0,0.0
pos_345_hold_next_ms,0.0,0.0,0.0,0.0
pos_345_up_down_ms,0.0,0.0,0.0,0.0
pos_345_up_up_ms,0.0,0.0,0.0,0.0
pos_346_down_down_ms,0.0,0.0,0.0,0.0
pos_346_down_up_ms,0.0,0.0,0.0,0.0
pos_346_hold_current_ms,0.0,0.0,0.0,0.0
pos_346_hold_next_ms,0.0,0.0,0.0,0.0
pos_346_up_down_ms,0.0,0.0,0.0,0.0
pos_346_up_up_ms,0.0,0.0,0.0,0.0
pos_347_down_down_ms,0.0,0.0,0.0,0.0
pos_347_down_up_ms,0.0,0.0,0.0,0.0
pos_347_hold_current_ms,0.0,0.0,0.0,0.0
pos_347_hold_next_ms,0.0,0.0,0.0,0.0
pos_347_up_down_ms,0.0,0.0,0.0,0.0
pos_347_up_up_ms,0.0,0.0,0.0,0.0
pos_348_down_down_ms,0.0,0.0,0.0,0.0
pos_348_down_up_ms,0.0,0.0,0.0,0.0
pos_348_hold_current_ms,0.0,0.0,0.0,0.0
pos_348_hold_next_ms,0.0,0.0,0.0,0.0
pos_348_up_down_ms,0.0,0.0,0.0,0.0
pos_348_up_up_ms,0.0,0.0,0.0,0.0
pos_349_down_down_ms,0.0,0.0,0.0,0.0
pos_349_down_up_ms,0.0,0.0,0.0,0.0
pos_349_hold_current_ms,0.0,0.0,0.0,0.0
pos_349_hold_next_ms,0.0,0.0,0.0,0.0
pos_349_up_down_ms,0.0,0.0,0.0,0.0
pos_349_up_up_ms,0.0,0.0,0.0,0.0
pos_350_down_down_ms,0.0,0.0,0.0,0.0
pos_350_down_up_ms,0.0,0.0,0.0,0.0
pos_350_hold_current_ms,0.0,0.0,0.0,0.0
pos_350_hold_next_ms,0.0,0.0,0.0,0.0
pos_350_up_down_ms,0.0,0.0,0.0,0.0
pos_350_up_up_ms,0.0,0.0,0.0,0.0
pos_351_down_down_ms,0.0,0.0,0.0,0.0
pos_351_down_up_ms,0.0,0.0,0.0,0.0
pos_351_hold_current_ms,0.0,0.0,0.0,0.0
pos_351_hold_next_ms,0.0,0.0,0.0,0.0
pos_351_up_down_ms,0.0,0.0,0.0,0.0
pos_351_up_up_ms,0.0,0.0,0.0,0.0
pos_352_down_down_ms,0.0,0.0,0.0,0.0
pos_352_down_up_ms,0.0,0.0,0.0,0.0
pos_352_hold_current_ms,0.0,0.0,0.0,0.0
pos_352_hold_next_ms,0.0,0.0,0.0,0.0
pos_352_up_down_ms,0.0,0.0,0.0,0.0
pos_352_up_up_ms,0.0,0.0,0.0,0.0
pos_353_down_down_ms,0.0,0.0,0.0,0.0
pos_353_down_up_ms,0.0,0.0,0.0,0.0
pos_353_hold_current_ms,0.0,0.0,0.0,0.0
pos_353_hold_next_ms,0.0,0.0,0.0,0.0
pos_353_up_down_ms,0.0,0.0,0.0,0.0
pos_353_up_up_ms,0.0,0.0,0.0,0.0
pos_354_down_down_ms,0.0,0.0,0.0,0.0
pos_354_down_up_ms,0.0,0.0,0.0,0.0
pos_354_hold_current_ms,0.0,0.0,0.0,0.0
pos_354_hold_next_ms,0.0,0.0,0.0,0.0
pos_354_up_down_ms,0.0,0.0,0.0,0.0
pos_354_up_up_ms,0.0,0.0,0.0,0.0
pos_355_down_down_ms,0.0,0.0,0.0,0.0
pos_355_down_up_ms,0.0,0.0,0.0,0.0
pos_355_hold_current_ms,0.0,0.0,0.0,0.0
pos_355_hold_next_ms,0.0,0.0,0.0,0.0
pos_355_up_down_ms,0.0,0.0,0.0,0.0
pos_355_up_up_ms,0.0,0.0,0.0,0.0
pos_356_down_down_ms,0.0,0.0,0.0,0.0
pos_356_down_up_ms,0.0,0.0,0.0,0.0
pos_356_hold_current_ms,0.0,0.0,0.0,0.0
pos_356_hold_next_ms,0.0,0.0,0.0,0.0
pos_356_up_down_ms,0.0,0.0,0.0,0.0
pos_356_up_up_ms,0.0,0.0,0.0,0.0
pos_357_down_down_ms,0.0,0.0,0.0,0.0
pos_357_down_up_ms,0.0,0.0,0.0,0.0
pos_357_hold_current_ms,0.0,0.0,0.0,0.0
pos_357_hold_next_ms,0.0,0.0,0.0,0.0
pos_357_up_down_ms,0.0,0.0,0.0,0.0
pos_357_up_up_ms,0.0,0.0,0.0,0.0
pos_358_down_down_ms,0.0,0.0,0.0,0.0
pos_358_down_up_ms,0.0,0.0,0.0,0.0
pos_358_hold_current_ms,0.0,0.0,0.0,0.0
pos_358_hold_next_ms,0.0,0.0,0.0,0.0
pos_358_up_down_ms,0.0,0.0,0.0,0.0
pos_358_up_up_ms,0.0,0.0,0.0,0.0
pos_359_down_down_ms,0.0,0.0,0.0,0.0
pos_359_down_up_ms,0.0,0.0,0.0,0.0
pos_359_hold_current_ms,0.0,0.0,0.0,0.0
pos_359_hold_next_ms,0.0,0.0,0.0,0.0
pos_359_up_down_ms,0.0,0.0,0.0,0.0
pos_359_up_up_ms,0.0,0.0,0.0,0.0
pos_360_down_down_ms,0.0,0.0,0.0,0.0
pos_360_down_up_ms,0.0,0.0,0.0,0.0
pos_360_hold_current_ms,0.0,0.0,0.0,0.0
pos_360_hold_next_ms,0.0,0.0,0.0,0.0
pos_360_up_down_ms,0.0,0.0,0.0,0.0
pos_360_up_up_ms,0.0,0.0,0.0,0.0
pos_361_down_down_ms,0.0,0.0,0.0,0.0
pos_361_down_up_ms,0.0,0.0,0.0,0.0
pos_361_hold_current_ms,0.0,0.0,0.0,0.0
pos_361_hold_next_ms,0.0,0.0,0.0,0.0
pos_361_up_down_ms,0.0,0.0,0.0,0.0
pos_361_up_up_ms,0.0,0.0,0.0,0.0
pos_362_down_down_ms,0.0,0.0,0.0,0.0
pos_362_down_up_ms,0.0,0.0,0.0,0.0
pos_362_hold_current_ms,0.0,0.0,0.0,0.0
pos_362_hold_next_ms,0.0,0.0,0.0,0.0
pos_362_up_down_ms,0.0,0.0,0.0,0.0
pos_362_up_up_ms,0.0,0.0,0.0,0.0
pos_363_down_down_ms,0.0,0.0,0.0,0.0
pos_363_down_up_ms,0.0,0.0,0.0,0.0
pos_363_hold_current_ms,0.0,0.0,0.0,0.0
pos_363_hold_next_ms,0.0,0.0,0.0,0.0
pos_363_up_down_ms,0.0,0.0,0.0,0.0
pos_363_up_up_ms,0.0,0.0,0.0,0.0
pos_364_down_down_ms,0.0,0.0,0.0,0.0
pos_364_down_up_ms,0.0,0.0,0.0,0.0
pos_364_hold_current_ms,0.0,0.0,0.0,0.0
pos_364_hold_next_ms,0.0,0.0,0.0,0.0
pos_364_up_down_ms,0.0,0.0,0.0,0.0
pos_364_up_up_ms,0.0,0.0,0.0,0.0
pos_365_down_down_ms,0.0,0.0,0.0,0.0
pos_365_down_up_ms,0.0,0.0,0.0,0.0
pos_365_hold_current_ms,0.0,0.0,0.0,0.0
pos_365_hold_next_ms,0.0,0.0,0.0,0.0
pos_365_up_down_ms,0.0,0.0,0.0,0.0
pos_365_up_up_ms,0.0,0.0,0.0,0.0
pos_366_down_down_ms,0.0,0.0,0.0,0.0
pos_366_down_up_ms,0.0,0.0,0.0,0.0
pos_366_hold_current_ms,0.0,0.0,0.0,0.0
pos_366_hold_next_ms,0.0,0.0,0.0,0.0
pos_366_up_down_ms,0.0,0.0,0.0,0.0
pos_366_up_up_ms,0.0,0.0,0.0,0.0
pos_367_down_down_ms,0.0,0.0,0.0,0.0
pos_367_down_up_ms,0.0,0.0,0.0,0.0
pos_367_hold_current_ms,0.0,0.0,0.0,0.0
pos_367_hold_next_ms,0.0,0.0,0.0,0.0
pos_367_up_down_ms,0.0,0.0,0.0,0.0
pos_367_up_up_ms,0.0,0.0,0.0,0.0
pos_368_down_down_ms,0.0,0.0,0.0,0.0
pos_368_down_up_ms,0.0,0.0,0.0,0.0
pos_368_hold_current_ms,0.0,0.0,0.0,0.0
pos_368_hold_next_ms,0.0,0.0,0.0,0.0
pos_368_up_down_ms,0.0,0.0,0.0,0.0
pos_368_up_up_ms,0.0,0.0,0.0,0.0
pos_369_down_down_ms,0.0,0.0,0.0,0.0
pos_369_down_up_ms,0.0,0.0,0.0,0.0
pos_369_hold_current_ms,0.0,0.0,0.0,0.0
pos_369_hold_next_ms,0.0,0.0,0.0,0.0
pos_369_up_down_ms,0.0,0.0,0.0,0.0
pos_369_up_up_ms,0.0,0.0,0.0,0.0
pos_370_down_down_ms,0.0,0.0,0.0,0.0
pos_370_down_up_ms,0.0,0.0,0.0,0.0
pos_370_hold_current_ms,0.0,0.0,0.0,0.0
pos_370_hold_next_ms,0.0,0.0,0.0,0.0
pos_370_up_down_ms,0.0,0.0,0.0,0.0
pos_370_up_up_ms,0.0,0.0,0.0,0.0
pos_371_down_down_ms,0.0,0.0,0.0,0.0
pos_371_down_up_ms,0.0,0.0,0.0,0.0
pos_371_hold_current_ms,0.0,0.0,0.0,0.0
pos_371_hold_next_ms,0.0,0.0,0.0,0.0
pos_371_up_down_ms,0.0,0.0,0.0,0.0
pos_371_up_up_ms,0.0,0.0,0.0,0.0
pos_372_down_down_ms,0.0,0.0,0.0,0.0
pos_372_down_up_ms,0.0,0.0,0.0,0.0
pos_372_hold_current_ms,0.0,0.0,0.0,0.0
pos_372_hold_next_ms,0.0,0.0,0.0,0.0
pos_372_up_down_ms,0.0,0.0,0.0,0.0
pos_372_up_up_ms,0.0,0.0,0.0,0.0
pos_373_down_down_ms,0.0,0.0,0.0,0.0
pos_373_down_up_ms,0.0,0.0,0.0,0.0
pos_373_hold_current_ms,0.0,0.0,0.0,0.0
pos_373_hold_next_ms,0.0,0.0,0.0,0.0
pos_373_up_down_ms,0.0,0.0,0.0,0.0
pos_373_up_up_ms,0.0,0.0,0.0,0.0
pos_374_down_down_ms,0.0,0.0,0.0,0.0
pos_374_down_up_ms,0.0,0.0,0.0,0.0
pos_374_hold_current_ms,0.0,0.0,0.0,0.0
pos_374_hold_next_ms,0.0,0.0,0.0,0.0
pos_374_up_down_ms,0.0,0.0,0.0,0.0
pos_374_up_up_ms,0.0,0.0,0.0,0.0
pos_375_down_down_ms,0.0,0.0,0.0,0.0
pos_375_down_up_ms,0.0,0.0,0.0,0.0
pos_375_hold_current_ms,0.0,0.0,0.0,0.0
pos_375_hold_next_ms,0.0,0.0,0.0,0.0
pos_375_up_down_ms,0.0,0.0,0.0,0.0
pos_375_up_up_ms,0.0,0.0,0.0,0.0
pos_376_down_down_ms,0.0,0.0,0.0,0.0
pos_376_down_up_ms,0.0,0.0,0.0,0.0
pos_376_hold_current_ms,0.0,0.0,0.0,0.0
pos_376_hold_next_ms,0.0,0.0,0.0,0.0
pos_376_up_down_ms,0.0,0.0,0.0,0.0
pos_376_up_up_ms,0.0,0.0,0.0,0.0
pos_377_down_down_ms,0.0,0.0,0.0,0.0
pos_377_down_up_ms,0.0,0.0,0.0,0.0
pos_377_hold_current_ms,0.0,0.0,0.0,0.0
pos_377_hold_next_ms,0.0,0.0,0.0,0.0
pos_377_up_down_ms,0.0,0.0,0.0,0.0
pos_377_up_up_ms,0.0,0.0,0.0,0.0
pos_378_down_down_ms,0.0,0.0,0.0,0.0
pos_378_down_up_ms,0.0,0.0,0.0,0.0
pos_378_hold_current_ms,0.0,0.0,0.0,0.0
pos_378_hold_next_ms,0.0,0.0,0.0,0.0
pos_378_up_down_ms,0.0,0.0,0.0,0.0
pos_378_up_up_ms,0.0,0.0,0.0,0.0
pos_379_down_down_ms,0.0,0.0,0.0,0.0
pos_379_down_up_ms,0.0,0.0,0.0,0.0
pos_379_hold_current_ms,0.0,0.0,0.0,0.0
pos_379_hold_next_ms,0.0,0.0,0.0,0.0
pos_379_up_down_ms,0.0,0.0,0.0,0.0
pos_379_up_up_ms,0.0,0.0,0.0,0.0
pos_380_down_down_ms,0.0,0.0,0.0,0.0
pos_380_down_up_ms,0.0,0.0,0.0,0.0
pos_380_hold_current_ms,0.0,0.0,0.0,0.0
pos_380_hold_next_ms,0.0,0.0,0.0,0.0
pos_380_up_down_ms,0.0,0.0,0.0,0.0
pos_380_up_up_ms,0.0,0.0,0.0,0.0
pos_381_down_down_ms,0.0,0.0,0.0,0.0
pos_381_down_up_ms,0.0,0.0,0.0,0.0
pos_381_hold_current_ms,0.0,0.0,0.0,0.0
pos_381_hold_next_ms,0.0,0.0,0.0,0.0
pos_381_up_down_ms,0.0,0.0,0.0,0.0
pos_381_up_up_ms,0.0,0.0,0.0,0.0
pos_382_down_down_ms,0.0,0.0,0.0,0.0
pos_382_down_up_ms,0.0,0.0,0.0,0.0
pos_382_hold_current_ms,0.0,0.0,0.0,0.0
pos_382_hold_next_ms,0.0,0.0,0.0,0.0
pos_382_up_down_ms,0.0,0.0,0.0,0.0
pos_382_up_up_ms,0.0,0.0,0.0,0.0
pos_383_down_down_ms,0.0,0.0,0.0,0.0
pos_383_down_up_ms,0.0,0.0,0.0,0.0
pos_383_hold_current_ms,0.0,0.0,0.0,0.0
pos_383_hold_next_ms,0.0,0.0,0.0,0.0
pos_383_up_down_ms,0.0,0.0,0.0,0.0
pos_383_up_up_ms,0.0,0.0,0.0,0.0
pos_384_down_down_ms,0.0,0.0,0.0,0.0
pos_384_down_up_ms,0.0,0.0,0.0,0.0
pos_384_hold_current_ms,0.0,0.0,0.0,0.0
pos_384_hold_next_ms,0.0,0.0,0.0,0.0
pos_384_up_down_ms,0.0,0.0,0.0,0.0
pos_384_up_up_ms,0.0,0.0,0.0,0.0
pos_385_down_down_ms,0.0,0.0,0.0,0.0
pos_385_down_up_ms,0.0,0.0,0.0,0.0
pos_385_hold_current_ms,0.0,0.0,0.0,0.0
pos_385_hold_next_ms,0.0,0.0,0.0,0.0
pos_385_up_down_ms,0.0,0.0,0.0,0.0
pos_385_up_up_ms,0.0,0.0,0.0,0.0
pos_386_down_down_ms,0.0,0.0,0.0,0.0
pos_386_down_up_ms,0.0,0.0,0.0,0.0
pos_386_hold_current_ms,0.0,0.0,0.0,0.0
pos_386_hold_next_ms,0.0,0.0,0.0,0.0
pos_386_up_down_ms,0.0,0.0,0.0,0.0
pos_386_up_up_ms,0.0,0.0,0.0,0.0
pos_387_down_down_ms,0.0,0.0,0.0,0.0
pos_387_down_up_ms,0.0,0.0,0.0,0.0
pos_387_hold_current_ms,0.0,0.0,0.0,0.0
pos_387_hold_next_ms,0.0,0.0,0.0,0.0
pos_387_up_down_ms,0.0,0.0,0.0,0.0
pos_387_up_up_ms,0.0,0.0,0.0,0.0
pos_388_down_down_ms,0.0,0.0,0.0,0.0
pos_388_down_up_ms,0.0,0.0,0.0,0.0
pos_388_hold_current_ms,0.0,0.0,0.0,0.0
pos_388_hold_next_ms,0.0,0.0,0.0,0.0
pos_388_up_down_ms,0.0,0.0,0.0,0.0
pos_388_up_up_ms,0.0,0.0,0.0,0.0
pos_389_down_down_ms,0.0,0.0,0.0,0.0
pos_389_down_up_ms,0.0,0.0,0.0,0.0
pos_389_hold_current_ms,0.0,0.0,0.0,0.0
pos_389_hold_next_ms,0.0,0.0,0.0,0.0
pos_389_up_down_ms,0.0,0.0,0.0,0.0
pos_389_up_up_ms,0.0,0.0,0.0,0.0
pos_390_down_down_ms,0.0,0.0,0.0,0.0
pos_390_down_up_ms,0.0,0.0,0.0,0.0
pos_390_hold_current_ms,0.0,0.0,0.0,0.0
pos_390_hold_next_ms,0.0,0.0,0.0,0.0
pos_390_up_down_ms,0.0,0.0,0.0,0.0
pos_390_up_up_ms,0.0,0.0,0.0,0.0
pos_391_down_down_ms,0.0,0.0,0.0,0.0
pos_391_down_up_ms,0.0,0.0,0.0,0.0
pos_391_hold_current_ms,0.0,0.0,0.0,0.0
pos_391_hold_next_ms,0.0,0.0,0.0,0.0
pos_391_up_down_ms,0.0,0.0,0.0,0.0
pos_391_up_up_ms,0.0,0.0,0.0,0.0
pos_392_down_down_ms,0.0,0.0,0.0,0.0
pos_392_down_up_ms,0.0,0.0,0.0,0.0
pos_392_hold_current_ms,0.0,0.0,0.0,0.0
pos_392_hold_next_ms,0.0,0.0,0.0,0.0
pos_392_up_down_ms,0.0,0.0,0.0,0.0
pos_392_up_up_ms,0.0,0.0,0.0,0.0
pos_393_down_down_ms,0.0,0.0,0.0,0.0
pos_393_down_up_ms,0.0,0.0,0.0,0.0
pos_393_hold_current_ms,0.0,0.0,0.0,0.0
pos_393_hold_next_ms,0.0,0.0,0.0,0.0
pos_393_up_down_ms,0.0,0.0,0.0,0.0
pos_393_up_up_ms,0.0,0.0,0.0,0.0
pos_394_down_down_ms,0.0,0.0,0.0,0.0
pos_394_down_up_ms,0.0,0.0,0.0,0.0
pos_394_hold_current_ms,0.0,0.0,0.0,0.0
pos_394_hold_next_ms,0.0,0.0,0.0,0.0
pos_394_up_down_ms,0.0,0.0,0.0,0.0
pos_394_up_up_ms,0.0,0.0,0.0,0.0
pos_395_down_down_ms,0.0,0.0,0.0,0.0
pos_395_down_up_ms,0.0,0.0,0.0,0.0
pos_395_hold_current_ms,0.0,0.0,0.0,0.0
pos_395_hold_next_ms,0.0,0.0,0.0,0.0
pos_395_up_down_ms,0.0,0.0,0.0,0.0
pos_395_up_up_ms,0.0,0.0,0.0,0.0
pos_396_down_down_ms,0.0,0.0,0.0,0.0
pos_396_down_up_ms,0.0,0.0,0.0,0.0
pos_396_hold_current_ms,0.0,0.0,0.0,0.0
pos_396_hold_next_ms,0.0,0.0,0.0,0.0
pos_396_up_down_ms,0.0,0.0,0.0,0.0
pos_396_up_up_ms,0.0,0.0,0.0,0.0
pos_397_down_down_ms,0.0,0.0,0.0,0.0
pos_397_down_up_ms,0.0,0.0,0.0,0.0
pos_397_hold_current_ms,0.0,0.0,0.0,0.0
pos_397_hold_next_ms,0.0,0.0,0.0,0.0
pos_397_up_down_ms,0.0,0.0,0.0,0.0
pos_397_up_up_ms,0.0,0.0,0.0,0.0
pos_398_down_down_ms,0.0,0.0,0.0,0.0
pos_398_down_up_ms,0.0,0.0,0.0,0.0
pos_398_hold_current_ms,0.0,0.0,0.0,0.0
pos_398_hold_next_ms,0.0,0.0,0.0,0.0
pos_398_up_down_ms,0.0,0.0,0.0,0.0
pos_398_up_up_ms,0.0,0.0,0.0,0.0
pos_399_down_down_ms,0.0,0.0,0.0,0.0
pos_399_down_up_ms,0.0,0.0,0.0,0.0
pos_399_hold_current_ms,0.0,0.0,0.0,0.0
pos_399_hold_next_ms,0.0,0.0,0.0,0.0
pos_399_up_down_ms,0.0,0.0,0.0,0.0
pos_399_up_up_ms,0.0,0.0,0.0,0.0
pos_400_down_down_ms,0.0,0.0,0.0,0.0
pos_400_down_up_ms,0.0,0.0,0.0,0.0
pos_400_hold_current_ms,0.0,0.0,0.0,0.0
pos_400_hold_next_ms,0.0,0.0,0.0,0.0
pos_400_up_down_ms,0.0,0.0,0.0,0.0
pos_400_up_up_ms,0.0,0.0,0.0,0.0
pos_401_down_down_ms,0.0,0.0,0.0,0.0
pos_401_down_up_ms,0.0,0.0,0.0,0.0
pos_401_hold_current_ms,0.0,0.0,0.0,0.0
pos_401_hold_next_ms,0.0,0.0,0.0,0.0
pos_401_up_down_ms,0.0,0.0,0.0,0.0
pos_401_up_up_ms,0.0,0.0,0.0,0.0
pos_402_down_down_ms,0.0,0.0,0.0,0.0
pos_402_down_up_ms,0.0,0.0,0.0,0.0
pos_402_hold_current_ms,0.0,0.0,0.0,0.0
pos_402_hold_next_ms,0.0,0.0,0.0,0.0
pos_402_up_down_ms,0.0,0.0,0.0,0.0
pos_402_up_up_ms,0.0,0.0,0.0,0.0
pos_403_down_down_ms,0.0,0.0,0.0,0.0
pos_403_down_up_ms,0.0,0.0,0.0,0.0
pos_403_hold_current_ms,0.0,0.0,0.0,0.0
pos_403_hold_next_ms,0.0,0.0,0.0,0.0
pos_403_up_down_ms,0.0,0.0,0.0,0.0
pos_403_up_up_ms,0.0,0.0,0.0,0.0
pos_404_down_down_ms,0.0,0.0,0.0,0.0
pos_404_down_up_ms,0.0,0.0,0.0,0.0
pos_404_hold_current_ms,0.0,0.0,0.0,0.0
pos_404_hold_next_ms,0.0,0.0,0.0,0.0
pos_404_up_down_ms,0.0,0.0,0.0,0.0
pos_404_up_up_ms,0.0,0.0,0.0,0.0
pos_405_down_down_ms,0.0,0.0,0.0,0.0
pos_405_down_up_ms,0.0,0.0,0.0,0.0
pos_405_hold_current_ms,0.0,0.0,0.0,0.0
pos_405_hold_next_ms,0.0,0.0,0.0,0.0
pos_405_up_down_ms,0.0,0.0,0.0,0.0
pos_405_up_up_ms,0.0,0.0,0.0,0.0
pos_406_down_down_ms,0.0,0.0,0.0,0.0
pos_406_down_up_ms,0.0,0.0,0.0,0.0
pos_406_hold_current_ms,0.0,0.0,0.0,0.0
pos_406_hold_next_ms,0.0,0.0,0.0,0.0
pos_406_up_down_ms,0.0,0.0,0.0,0.0
pos_406_up_up_ms,0.0,0.0,0.0,0.0
pos_407_down_down_ms,0.0,0.0,0.0,0.0
pos_407_down_up_ms,0.0,0.0,0.0,0.0
pos_407_hold_current_ms,0.0,0.0,0.0,0.0
pos_407_hold_next_ms,0.0,0.0,0.0,0.0
pos_407_up_down_ms,0.0,0.0,0.0,0.0
pos_407_up_up_ms,0.0,0.0,0.0,0.0
pos_408_down_down_ms,0.0,0.0,0.0,0.0
pos_408_down_up_ms,0.0,0.0,0.0,0.0
pos_408_hold_current_ms,0.0,0.0,0.0,0.0
pos_408_hold_next_ms,0.0,0.0,0.0,0.0
pos_408_up_down_ms,0.0,0.0,0.0,0.0
pos_408_up_up_ms,0.0,0.0,0.0,0.0
pos_409_down_down_ms,0.0,0.0,0.0,0.0
pos_409_down_up_ms,0.0,0.0,0.0,0.0
pos_409_hold_current_ms,0.0,0.0,0.0,0.0
pos_409_hold_next_ms,0.0,0.0,0.0,0.0
pos_409_up_down_ms,0.0,0.0,0.0,0.0
pos_409_up_up_ms,0.0,0.0,0.0,0.0
pos_410_down_down_ms,0.0,0.0,0.0,0.0
pos_410_down_up_ms,0.0,0.0,0.0,0.0
pos_410_hold_current_ms,0.0,0.0,0.0,0.0
pos_410_hold_next_ms,0.0,0.0,0.0,0.0
pos_410_up_down_ms,0.0,0.0,0.0,0.0
pos_410_up_up_ms,0.0,0.0,0.0,0.0
pos_411_down_down_ms,0.0,0.0,0.0,0.0
pos_411_down_up_ms,0.0,0.0,0.0,0.0
pos_411_hold_current_ms,0.0,0.0,0.0,0.0
pos_411_hold_next_ms,0.0,0.0,0.0,0.0
pos_411_up_down_ms,0.0,0.0,0.0,0.0
pos_411_up_up_ms,0.0,0.0,0.0,0.0
pos_412_down_down_ms,0.0,0.0,0.0,0.0
pos_412_down_up_ms,0.0,0.0,0.0,0.0
pos_412_hold_current_ms,0.0,0.0,0.0,0.0
pos_412_hold_next_ms,0.0,0.0,0.0,0.0
pos_412_up_down_ms,0.0,0.0,0.0,0.0
pos_412_up_up_ms,0.0,0.0,0.0,0.0
pos_413_down_down_ms,0.0,0.0,0.0,0.0
pos_413_down_up_ms,0.0,0.0,0.0,0.0
pos_413_hold_current_ms,0.0,0.0,0.0,0.0
pos_413_hold_next_ms,0.0,0.0,0.0,0.0
pos_413_up_down_ms,0.0,0.0,0.0,0.0
pos_413_up_up_ms,0.0,0.0,0.0,0.0
pos_414_down_down_ms,0.0,0.0,0.0,0.0
pos_414_down_up_ms,0.0,0.0,0.0,0.0
pos_414_hold_current_ms,0.0,0.0,0.0,0.0
pos_414_hold_next_ms,0.0,0.0,0.0,0.0
pos_414_up_down_ms,0.0,0.0,0.0,0.0
pos_414_up_up_ms,0.0,0.0,0.0,0.0
pos_415_down_down_ms,0.0,0.0,0.0,0.0
pos_415_down_up_ms,0.0,0.0,0.0,0.0
pos_415_hold_current_ms,0.0,0.0,0.0,0.0
pos_415_hold_next_ms,0.0,0.0,0.0,0.0
pos_415_up_down_ms,0.0,0.0,0.0,0.0
pos_415_up_up_ms,0.0,0.0,0.0,0.0
pos_416_down_down_ms,0.0,0.0,0.0,0.0
pos_416_down_up_ms,0.0,0.0,0.0,0.0
pos_416_hold_current_ms,0.0,0.0,0.0,0.0
pos_416_hold_next_ms,0.0,0.0,0.0,0.0
pos_416_up_down_ms,0.0,0.0,0.0,0.0
pos_416_up_up_ms,0.0,0.0,0.0,0.0
pos_417_down_down_ms,0.0,0.0,0.0,0.0
pos_417_down_up_ms,0.0,0.0,0.0,0.0
pos_417_hold_current_ms,0.0,0.0,0.0,0.0
pos_417_hold_next_ms,0.0,0.0,0.0,0.0
pos_417_up_down_ms,0.0,0.0,0.0,0.0
pos_417_up_up_ms,0.0,0.0,0.0,0.0
pos_418_down_down_ms,0.0,0.0,0.0,0.0
pos_418_down_up_ms,0.0,0.0,0.0,0.0
pos_418_hold_current_ms,0.0,0.0,0.0,0.0
pos_418_hold_next_ms,0.0,0.0,0.0,0.0
pos_418_up_down_ms,0.0,0.0,0.0,0.0
pos_418_up_up_ms,0.0,0.0,0.0,0.0
pos_419_down_down_ms,0.0,0.0,0.0,0.0
pos_419_down_up_ms,0.0,0.0,0.0,0.0
pos_419_hold_current_ms,0.0,0.0,0.0,0.0
pos_419_hold_next_ms,0.0,0.0,0.0,0.0
pos_419_up_down_ms,0.0,0.0,0.0,0.0
pos_419_up_up_ms,0.0,0.0,0.0,0.0
pos_420_down_down_ms,0.0,0.0,0.0,0.0
pos_420_down_up_ms,0.0,0.0,0.0,0.0
pos_420_hold_current_ms,0.0,0.0,0.0,0.0
pos_420_hold_next_ms,0.0,0.0,0.0,0.0
pos_420_up_down_ms,0.0,0.0,0.0,0.0
pos_420_up_up_ms,0.0,0.0,0.0,0.0
pos_421_down_down_ms,0.0,0.0,0.0,0.0
pos_421_down_up_ms,0.0,0.0,0.0,0.0
pos_421_hold_current_ms,0.0,0.0,0.0,0.0
pos_421_hold_next_ms,0.0,0.0,0.0,0.0
pos_421_up_down_ms,0.0,0.0,0.0,0.0
pos_421_up_up_ms,0.0,0.0,0.0,0.0
pos_422_down_down_ms,0.0,0.0,0.0,0.0
pos_422_down_up_ms,0.0,0.0,0.0,0.0
pos_422_hold_current_ms,0.0,0.0,0.0,0.0
pos_422_hold_next_ms,0.0,0.0,0.0,0.0
pos_422_up_down_ms,0.0,0.0,0.0,0.0
pos_422_up_up_ms,0.0,0.0,0.0,0.0
pos_423_down_down_ms,0.0,0.0,0.0,0.0
pos_423_down_up_ms,0.0,0.0,0.0,0.0
pos_423_hold_current_ms,0.0,0.0,0.0,0.0
pos_423_hold_next_ms,0.0,0.0,0.0,0.0
pos_423_up_down_ms,0.0,0.0,0.0,0.0
pos_423_up_up_ms,0.0,0.0,0.0,0.0
pos_424_down_down_ms,0.0,0.0,0.0,0.0
pos_424_down_up_ms,0.0,0.0,0.0,0.0
pos_424_hold_current_ms,0.0,0.0,0.0,0.0
pos_424_hold_next_ms,0.0,0.0,0.0,0.0
pos_424_up_down_ms,0.0,0.0,0.0,0.0
pos_424_up_up_ms,0.0,0.0,0.0,0.0
pos_425_down_down_ms,0.0,0.0,0.0,0.0
pos_425_down_up_ms,0.0,0.0,0.0,0.0
pos_425_hold_current_ms,0.0,0.0,0.0,0.0
pos_425_hold_next_ms,0.0,0.0,0.0,0.0
pos_425_up_down_ms,0.0,0.0,0.0,0.0
pos_425_up_up_ms,0.0,0.0,0.0,0.0
pos_426_down_down_ms,0.0,0.0,0.0,0.0
pos_426_down_up_ms,0.0,0.0,0.0,0.0
pos_426_hold_current_ms,0.0,0.0,0.0,0.0
pos_426_hold_next_ms,0.0,0.0,0.0,0.0
pos_426_up_down_ms,0.0,0.0,0.0,0.0
pos_426_up_up_ms,0.0,0.0,0.0,0.0
pos_427_down_down_ms,0.0,0.0,0.0,0.0
pos_427_down_up_ms,0.0,0.0,0.0,0.0
pos_427_hold_current_ms,0.0,0.0,0.0,0.0
pos_427_hold_next_ms,0.0,0.0,0.0,0.0
pos_427_up_down_ms,0.0,0.0,0.0,0.0
pos_427_up_up_ms,0.0,0.0,0.0,0.0
pos_428_down_down_ms,0.0,0.0,0.0,0.0
pos_428_down_up_ms,0.0,0.0,0.0,0.0
pos_428_hold_current_ms,0.0,0.0,0.0,0.0
pos_428_hold_next_ms,0.0,0.0,0.0,0.0
pos_428_up_down_ms,0.0,0.0,0.0,0.0
pos_428_up_up_ms,0.0,0.0,0.0,0.0
pos_429_down_down_ms,0.0,0.0,0.0,0.0
pos_429_down_up_ms,0.0,0.0,0.0,0.0
pos_429_hold_current_ms,0.0,0.0,0.0,0.0
pos_429_hold_next_ms,0.0,0.0,0.0,0.0
pos_429_up_down_ms,0.0,0.0,0.0,0.0
pos_429_up_up_ms,0.0,0.0,0.0,0.0
pos_430_down_down_ms,0.0,0.0,0.0,0.0
pos_430_down_up_ms,0.0,0.0,0.0,0.0
pos_430_hold_current_ms,0.0,0.0,0.0,0.0
pos_430_hold_next_ms,0.0,0.0,0.0,0.0
pos_430_up_down_ms,0.0,0.0,0.0,0.0
pos_430_up_up_ms,0.0,0.0,0.0,0.0
pos_431_down_down_ms,0.0,0.0,0.0,0.0
pos_431_down_up_ms,0.0,0.0,0.0,0.0
pos_431_hold_current_ms,0.0,0.0,0.0,0.0
pos_431_hold_next_ms,0.0,0.0,0.0,0.0
pos_431_up_down_ms,0.0,0.0,0.0,0.0
pos_431_up_up_ms,0.0,0.0,0.0,0.0
pos_432_down_down_ms,0.0,0.0,0.0,0.0
pos_432_down_up_ms,0.0,0.0,0.0,0.0
pos_432_hold_current_ms,0.0,0.0,0.0,0.0
pos_432_hold_next_ms,0.0,0.0,0.0,0.0
pos_432_up_down_ms,0.0,0.0,0.0,0.0
pos_432_up_up_ms,0.0,0.0,0.0,0.0
pos_433_down_down_ms,0.0,0.0,0.0,0.0
pos_433_down_up_ms,0.0,0.0,0.0,0.0
pos_433_hold_current_ms,0.0,0.0,0.0,0.0
pos_433_hold_next_ms,0.0,0.0,0.0,0.0
pos_433_up_down_ms,0.0,0.0,0.0,0.0
pos_433_up_up_ms,0.0,0.0,0.0,0.0
pos_434_down_down_ms,0.0,0.0,0.0,0.0
pos_434_down_up_ms,0.0,0.0,0.0,0.0
pos_434_hold_current_ms,0.0,0.0,0.0,0.0
pos_434_hold_next_ms,0.0,0.0,0.0,0.0
pos_434_up_down_ms,0.0,0.0,0.0,0.0
pos_434_up_up_ms,0.0,0.0,0.0,0.0
pos_435_down_down_ms,0.0,0.0,0.0,0.0
pos_435_down_up_ms,0.0,0.0,0.0,0.0
pos_435_hold_current_ms,0.0,0.0,0.0,0.0
pos_435_hold_next_ms,0.0,0.0,0.0,0.0
pos_435_up_down_ms,0.0,0.0,0.0,0.0
pos_435_up_up_ms,0.0,0.0,0.0,0.0
pos_436_down_down_ms,0.0,0.0,0.0,0.0
pos_436_down_up_ms,0.0,0.0,0.0,0.0
pos_436_hold_current_ms,0.0,0.0,0.0,0.0
pos_436_hold_next_ms,0.0,0.0,0.0,0.0
pos_436_up_down_ms,0.0,0.0,0.0,0.0
pos_436_up_up_ms,0.0,0.0,0.0,0.0
pos_437_down_down_ms,0.0,0.0,0.0,0.0
pos_437_down_up_ms,0.0,0.0,0.0,0.0
pos_437_hold_current_ms,0.0,0.0,0.0,0.0
pos_437_hold_next_ms,0.0,0.0,0.0,0.0
pos_437_up_down_ms,0.0,0.0,0.0,0.0
pos_437_up_up_ms,0.0,0.0,0.0,0.0
pos_438_down_down_ms,0.0,0.0,0.0,0.0
pos_438_down_up_ms,0.0,0.0,0.0,0.0
pos_438_hold_current_ms,0.0,0.0,0.0,0.0
pos_438_hold_next_ms,0.0,0.0,0.0,0.0
pos_438_up_down_ms,0.0,0.0,0.0,0.0
pos_438_up_up_ms,0.0,0.0,0.0,0.0
pos_439_down_down_ms,0.0,0.0,0.0,0.0
pos_439_down_up_ms,0.0,0.0,0.0,0.0
pos_439_hold_current_ms,0.0,0.0,0.0,0.0
pos_439_hold_next_ms,0.0,0.0,0.0,0.0
pos_439_up_down_ms,0.0,0.0,0.0,0.0
pos_439_up_up_ms,0.0,0.0,0.0,0.0
pos_440_down_down_ms,0.0,0.0,0.0,0.0
pos_440_down_up_ms,0.0,0.0,0.0,0.0
pos_440_hold_current_ms,0.0,0.0,0.0,0.0
pos_440_hold_next_ms,0.0,0.0,0.0,0.0
pos_440_up_down_ms,0.0,0.0,0.0,0.0
pos_440_up_up_ms,0.0,0.0,0.0,0.0
pos_441_down_down_ms,0.0,0.0,0.0,0.0
pos_441_down_up_ms,0.0,0.0,0.0,0.0
pos_441_hold_current_ms,0.0,0.0,0.0,0.0
pos_441_hold_next_ms,0.0,0.0,0.0,0.0
pos_441_up_down_ms,0.0,0.0,0.0,0.0
pos_441_up_up_ms,0.0,0.0,0.0,0.0
pos_442_down_down_ms,0.0,0.0,0.0,0.0
pos_442_down_up_ms,0.0,0.0,0.0,0.0
pos_442_hold_current_ms,0.0,0.0,0.0,0.0
pos_442_hold_next_ms,0.0,0.0,0.0,0.0
pos_442_up_down_ms,0.0,0.0,0.0,0.0
pos_442_up_up_ms,0.0,0.0,0.0,0.0
pos_443_down_down_ms,0.0,0.0,0.0,0.0
pos_443_down_up_ms,0.0,0.0,0.0,0.0
pos_443_hold_current_ms,0.0,0.0,0.0,0.0
pos_443_hold_next_ms,0.0,0.0,0.0,0.0
pos_443_up_down_ms,0.0,0.0,0.0,0.0
pos_443_up_up_ms,0.0,0.0,0.0,0.0
pos_444_down_down_ms,0.0,0.0,0.0,0.0
pos_444_down_up_ms,0.0,0.0,0.0,0.0
pos_444_hold_current_ms,0.0,0.0,0.0,0.0
pos_444_hold_next_ms,0.0,0.0,0.0,0.0
pos_444_up_down_ms,0.0,0.0,0.0,0.0
pos_444_up_up_ms,0.0,0.0,0.0,0.0
pos_445_down_down_ms,0.0,0.0,0.0,0.0
pos_445_down_up_ms,0.0,0.0,0.0,0.0
pos_445_hold_current_ms,0.0,0.0,0.0,0.0
pos_445_hold_next_ms,0.0,0.0,0.0,0.0
pos_445_up_down_ms,0.0,0.0,0.0,0.0
pos_445_up_up_ms,0.0,0.0,0.0,0.0
pos_446_down_down_ms,0.0,0.0,0.0,0.0
pos_446_down_up_ms,0.0,0.0,0.0,0.0
pos_446_hold_current_ms,0.0,0.0,0.0,0.0
pos_446_hold_next_ms,0.0,0.0,0.0,0.0
pos_446_up_down_ms,0.0,0.0,0.0,0.0
pos_446_up_up_ms,0.0,0.0,0.0,0.0
pos_447_down_down_ms,0.0,0.0,0.0,0.0
pos_447_down_up_ms,0.0,0.0,0.0,0.0
pos_447_hold_current_ms,0.0,0.0,0.0,0.0
pos_447_hold_next_ms,0.0,0.0,0.0,0.0
pos_447_up_down_ms,0.0,0.0,0.0,0.0
pos_447_up_up_ms,0.0,0.0,0.0,0.0
pos_448_down_down_ms,0.0,0.0,0.0,0.0
pos_448_down_up_ms,0.0,0.0,0.0,0.0
pos_448_hold_current_ms,0.0,0.0,0.0,0.0
pos_448_hold_next_ms,0.0,0.0,0.0,0.0
pos_448_up_down_ms,0.0,0.0,0.0,0.0
pos_448_up_up_ms,0.0,0.0,0.0,0.0
pos_449_down_down_ms,0.0,0.0,0.0,0.0
pos_449_down_up_ms,0.0,0.0,0.0,0.0
pos_449_hold_current_ms,0.0,0.0,0.0,0.0
pos_449_hold_next_ms,0.0,0.0,0.0,0.0
pos_449_up_down_ms,0.0,0.0,0.0,0.0
pos_449_up_up_ms,0.0,0.0,0.0,0.0
pos_450_down_down_ms,0.0,0.0,0.0,0.0
pos_450_down_up_ms,0.0,0.0,0.0,0.0
pos_450_hold_current_ms,0.0,0.0,0.0,0.0
pos_450_hold_next_ms,0.0,0.0,0.0,0.0
pos_450_up_down_ms,0.0,0.0,0.0,0.0
pos_450_up_up_ms,0.0,0.0,0.0,0.0
pos_451_down_down_ms,0.0,0.0,0.0,0.0
pos_451_down_up_ms,0.0,0.0,0.0,0.0
pos_451_hold_current_ms,0.0,0.0,0.0,0.0
pos_451_hold_next_ms,0.0,0.0,0.0,0.0
pos_451_up_down_ms,0.0,0.0,0.0,0.0
pos_451_up_up_ms,0.0,0.0,0.0,0.0
pos_452_down_down_ms,0.0,0.0,0.0,0.0
pos_452_down_up_ms,0.0,0.0,0.0,0.0
pos_452_hold_current_ms,0.0,0.0,0.0,0.0
pos_452_hold_next_ms,0.0,0.0,0.0,0.0
pos_452_up_down_ms,0.0,0.0,0.0,0.0
pos_452_up_up_ms,0.0,0.0,0.0,0.0
pos_453_down_down_ms,0.0,0.0,0.0,0.0
pos_453_down_up_ms,0.0,0.0,0.0,0.0
pos_453_hold_current_ms,0.0,0.0,0.0,0.0
pos_453_hold_next_ms,0.0,0.0,0.0,0.0
pos_453_up_down_ms,0.0,0.0,0.0,0.0
pos_453_up_up_ms,0.0,0.0,0.0,0.0
pos_454_down_down_ms,0.0,0.0,0.0,0.0
pos_454_down_up_ms,0.0,0.0,0.0,0.0
pos_454_hold_current_ms,0.0,0.0,0.0,0.0
pos_454_hold_next_ms,0.0,0.0,0.0,0.0
pos_454_up_down_ms,0.0,0.0,0.0,0.0
pos_454_up_up_ms,0.0,0.0,0.0,0.0
pos_455_down_down_ms,0.0,0.0,0.0,0.0
pos_455_down_up_ms,0.0,0.0,0.0,0.0
pos_455_hold_current_ms,0.0,0.0,0.0,0.0
pos_455_hold_next_ms,0.0,0.0,0.0,0.0
pos_455_up_down_ms,0.0,0.0,0.0,0.0
pos_455_up_up_ms,0.0,0.0,0.0,0.0
pos_456_down_down_ms,0.0,0.0,0.0,0.0
pos_456_down_up_ms,0.0,0.0,0.0,0.0
pos_456_hold_current_ms,0.0,0.0,0.0,0.0
pos_456_hold_next_ms,0.0,0.0,0.0,0.0
pos_456_up_down_ms,0.0,0.0,0.0,0.0
pos_456_up_up_ms,0.0,0.0,0.0,0.0
pos_457_down_down_ms,0.0,0.0,0.0,0.0
pos_457_down_up_ms,0.0,0.0,0.0,0.0
pos_457_hold_current_ms,0.0,0.0,0.0,0.0
pos_457_hold_next_ms,0.0,0.0,0.0,0.0
pos_457_up_down_ms,0.0,0.0,0.0,0.0
pos_457_up_up_ms,0.0,0.0,0.0,0.0
pos_458_down_down_ms,0.0,0.0,0.0,0.0
pos_458_down_up_ms,0.0,0.0,0.0,0.0
pos_458_hold_current_ms,0.0,0.0,0.0,0.0
pos_458_hold_next_ms,0.0,0.0,0.0,0.0
pos_458_up_down_ms,0.0,0.0,0.0,0.0
pos_458_up_up_ms,0.0,0.0,0.0,0.0
pos_459_down_down_ms,0.0,0.0,0.0,0.0
pos_459_down_up_ms,0.0,0.0,0.0,0.0
pos_459_hold_current_ms,0.0,0.0,0.0,0.0
pos_459_hold_next_ms,0.0,0.0,0.0,0.0
pos_459_up_down_ms,0.0,0.0,0.0,0.0
pos_459_up_up_ms,0.0,0.0,0.0,0.0
pos_460_down_down_ms,0.0,0.0,0.0,0.0
pos_460_down_up_ms,0.0,0.0,0.0,0.0
pos_460_hold_current_ms,0.0,0.0,0.0,0.0
pos_460_hold_next_ms,0.0,0.0,0.0,0.0
pos_460_up_down_ms,0.0,0.0,0.0,0.0
pos_460_up_up_ms,0.0,0.0,0.0,0.0
pos_461_down_down_ms,0.0,0.0,0.0,0.0
pos_461_down_up_ms,0.0,0.0,0.0,0.0
pos_461_hold_current_ms,0.0,0.0,0.0,0.0
pos_461_hold_next_ms,0.0,0.0,0.0,0.0
pos_461_up_down_ms,0.0,0.0,0.0,0.0
pos_461_up_up_ms,0.0,0.0,0.0,0.0
pos_462_down_down_ms,0.0,0.0,0.0,0.0
pos_462_down_up_ms,0.0,0.0,0.0,0.0
pos_462_hold_current_ms,0.0,0.0,0.0,0.0
pos_462_hold_next_ms,0.0,0.0,0.0,0.0
pos_462_up_down_ms,0.0,0.0,0.0,0.0
pos_462_up_up_ms,0.0,0.0,0.0,0.0
pos_463_down_down_ms,0.0,0.0,0.0,0.0
pos_463_down_up_ms,0.0,0.0,0.0,0.0
pos_463_hold_current_ms,0.0,0.0,0.0,0.0
pos_463_hold_next_ms,0.0,0.0,0.0,0.0
pos_463_up_down_ms,0.0,0.0,0.0,0.0
pos_463_up_up_ms,0.0,0.0,0.0,0.0
pos_464_down_down_ms,0.0,0.0,0.0,0.0
pos_464_down_up_ms,0.0,0.0,0.0,0.0
pos_464_hold_current_ms,0.0,0.0,0.0,0.0
pos_464_hold_next_ms,0.0,0.0,0.0,0.0
pos_464_up_down_ms,0.0,0.0,0.0,0.0
pos_464_up_up_ms,0.0,0.0,0.0,0.0
pos_465_down_down_ms,0.0,0.0,0.0,0.0
pos_465_down_up_ms,0.0,0.0,0.0,0.0
pos_465_hold_current_ms,0.0,0.0,0.0,0.0
pos_465_hold_next_ms,0.0,0.0,0.0,0.0
pos_465_up_down_ms,0.0,0.0,0.0,0.0
pos_465_up_up_ms,0.0,0.0,0.0,0.0
pos_466_down_down_ms,0.0,0.0,0.0,0.0
pos_466_down_up_ms,0.0,0.0,0.0,0.0
pos_466_hold_current_ms,0.0,0.0,0.0,0.0
pos_466_hold_next_ms,0.0,0.0,0.0,0.0
pos_466_up_down_ms,0.0,0.0,0.0,0.0
pos_466_up_up_ms,0.0,0.0,0.0,0.0
pos_467_down_down_ms,0.0,0.0,0.0,0.0
pos_467_down_up_ms,0.0,0.0,0.0,0.0
pos_467_hold_current_ms,0.0,0.0,0.0,0.0
pos_467_hold_next_ms,0.0,0.0,0.0,0.0
pos_467_up_down_ms,0.0,0.0,0.0,0.0
pos_467_up_up_ms,0.0,0.0,0.0,0.0
pos_468_down_down_ms,0.0,0.0,0.0,0.0
pos_468_down_up_ms,0.0,0.0,0.0,0.0
pos_468_hold_current_ms,0.0,0.0,0.0,0.0
pos_468_hold_next_ms,0.0,0.0,0.0,0.0
pos_468_up_down_ms,0.0,0.0,0.0,0.0
pos_468_up_up_ms,0.0,0.0,0.0,0.0
pos_469_down_down_ms,0.0,0.0,0.0,0.0
pos_469_down_up_ms,0.0,0.0,0.0,0.0
pos_469_hold_current_ms,0.0,0.0,0.0,0.0
pos_469_hold_next_ms,0.0,0.0,0.0,0.0
pos_469_up_down_ms,0.0,0.0,0.0,0.0
pos_469_up_up_ms,0.0,0.0,0.0,0.0
pos_470_down_down_ms,0.0,0.0,0.0,0.0
pos_470_down_up_ms,0.0,0.0,0.0,0.0
pos_470_hold_current_ms,0.0,0.0,0.0,0.0
pos_470_hold_next_ms,0.0,0.0,0.0,0.0
pos_470_up_down_ms,0.0,0.0,0.0,0.0
pos_470_up_up_ms,0.0,0.0,0.0,0.0
pos_471_down_down_ms,0.0,0.0,0.0,0.0
pos_471_down_up_ms,0.0,0.0,0.0,0.0
pos_471_hold_current_ms,0.0,0.0,0.0,0.0
pos_471_hold_next_ms,0.0,0.0,0.0,0.0
pos_471_up_down_ms,0.0,0.0,0.0,0.0
pos_471_up_up_ms,0.0,0.0,0.0,0.0
pos_472_down_down_ms,0.0,0.0,0.0,0.0
pos_472_down_up_ms,0.0,0.0,0.0,0.0
pos_472_hold_current_ms,0.0,0.0,0.0,0.0
pos_472_hold_next_ms,0.0,0.0,0.0,0.0
pos_472_up_down_ms,0.0,0.0,0.0,0.0
pos_472_up_up_ms,0.0,0.0,0.0,0.0
pos_473_down_down_ms,0.0,0.0,0.0,0.0
pos_473_down_up_ms,0.0,0.0,0.0,0.0
pos_473_hold_current_ms,0.0,0.0,0.0,0.0
pos_473_hold_next_ms,0.0,0.0,0.0,0.0
pos_473_up_down_ms,0.0,0.0,0.0,0.0
pos_473_up_up_ms,0.0,0.0,0.0,0.0
pos_474_down_down_ms,0.0,0.0,0.0,0.0
pos_474_down_up_ms,0.0,0.0,0.0,0.0
pos_474_hold_current_ms,0.0,0.0,0.0,0.0
pos_474_hold_next_ms,0.0,0.0,0.0,0.0
pos_474_up_down_ms,0.0,0.0,0.0,0.0
pos_474_up_up_ms,0.0,0.0,0.0,0.0
pos_475_down_down_ms,0.0,0.0,0.0,0.0
pos_475_down_up_ms,0.0,0.0,0.0,0.0
pos_475_hold_current_ms,0.0,0.0,0.0,0.0
pos_475_hold_next_ms,0.0,0.0,0.0,0.0
pos_475_up_down_ms,0.0,0.0,0.0,0.0
pos_475_up_up_ms,0.0,0.0,0.0,0.0
pos_476_down_down_ms,0.0,0.0,0.0,0.0
pos_476_down_up_ms,0.0,0.0,0.0,0.0
pos_476_hold_current_ms,0.0,0.0,0.0,0.0
pos_476_hold_next_ms,0.0,0.0,0.0,0.0
pos_476_up_down_ms,0.0,0.0,0.0,0.0
pos_476_up_up_ms,0.0,0.0,0.0,0.0
pos_477_down_down_ms,0.0,0.0,0.0,0.0
pos_477_down_up_ms,0.0,0.0,0.0,0.0
pos_477_hold_current_ms,0.0,0.0,0.0,0.0
pos_477_hold_next_ms,0.0,0.0,0.0,0.0
pos_477_up_down_ms,0.0,0.0,0.0,0.0
pos_477_up_up_ms,0.0,0.0,0.0,0.0
pos_478_down_down_ms,0.0,0.0,0.0,0.0
pos_478_down_up_ms,0.0,0.0,0.0,0.0
pos_478_hold_current_ms,0.0,0.0,0.0,0.0
pos_478_hold_next_ms,0.0,0.0,0.0,0.0
pos_478_up_down_ms,0.0,0.0,0.0,0.0
pos_478_up_up_ms,0.0,0.0,0.0,0.0
pos_479_down_down_ms,0.0,0.0,0.0,0.0
pos_479_down_up_ms,0.0,0.0,0.0,0.0
pos_479_hold_current_ms,0.0,0.0,0.0,0.0
pos_479_hold_next_ms,0.0,0.0,0.0,0.0
pos_479_up_down_ms,0.0,0.0,0.0,0.0
pos_479_up_up_ms,0.0,0.0,0.0,0.0
pos_480_down_down_ms,0.0,0.0,0.0,0.0
pos_480_down_up_ms,0.0,0.0,0.0,0.0
pos_480_hold_current_ms,0.0,0.0,0.0,0.0
pos_480_hold_next_ms,0.0,0.0,0.0,0.0
pos_480_up_down_ms,0.0,0.0,0.0,0.0
pos_480_up_up_ms,0.0,0.0,0.0,0.0
pos_481_down_down_ms,0.0,0.0,0.0,0.0
pos_481_down_up_ms,0.0,0.0,0.0,0.0
pos_481_hold_current_ms,0.0,0.0,0.0,0.0
pos_481_hold_next_ms,0.0,0.0,0.0,0.0
pos_481_up_down_ms,0.0,0.0,0.0,0.0
pos_481_up_up_ms,0.0,0.0,0.0,0.0
pos_482_down_down_ms,0.0,0.0,0.0,0.0
pos_482_down_up_ms,0.0,0.0,0.0,0.0
pos_482_hold_current_ms,0.0,0.0,0.0,0.0
pos_482_hold_next_ms,0.0,0.0,0.0,0.0
pos_482_up_down_ms,0.0,0.0,0.0,0.0
pos_482_up_up_ms,0.0,0.0,0.0,0.0
pos_483_down_down_ms,0.0,0.0,0.0,0.0
pos_483_down_up_ms,0.0,0.0,0.0,0.0
pos_483_hold_current_ms,0.0,0.0,0.0,0.0
pos_483_hold_next_ms,0.0,0.0,0.0,0.0
pos_483_up_down_ms,0.0,0.0,0.0,0.0
pos_483_up_up_ms,0.0,0.0,0.0,0.0
pos_484_down_down_ms,0.0,0.0,0.0,0.0
pos_484_down_up_ms,0.0,0.0,0.0,0.0
pos_484_hold_current_ms,0.0,0.0,0.0,0.0
pos_484_hold_next_ms,0.0,0.0,0.0,0.0
pos_484_up_down_ms,0.0,0.0,0.0,0.0
pos_484_up_up_ms,0.0,0.0,0.0,0.0
pos_485_down_down_ms,0.0,0.0,0.0,0.0
pos_485_down_up_ms,0.0,0.0,0.0,0.0
pos_485_hold_current_ms,0.0,0.0,0.0,0.0
pos_485_hold_next_ms,0.0,0.0,0.0,0.0
pos_485_up_down_ms,0.0,0.0,0.0,0.0
pos_485_up_up_ms,0.0,0.0,0.0,0.0
pos_486_down_down_ms,0.0,0.0,0.0,0.0
pos_486_down_up_ms,0.0,0.0,0.0,0.0
pos_486_hold_current_ms,0.0,0.0,0.0,0.0
pos_486_hold_next_ms,0.0,0.0,0.0,0.0
pos_486_up_down_ms,0.0,0.0,0.0,0.0
pos_486_up_up_ms,0.0,0.0,0.0,0.0
pos_487_down_down_ms,0.0,0.0,0.0,0.0
pos_487_down_up_ms,0.0,0.0,0.0,0.0
pos_487_hold_current_ms,0.0,0.0,0.0,0.0
pos_487_hold_next_ms,0.0,0.0,0.0,0.0
pos_487_up_down_ms,0.0,0.0,0.0,0.0
pos_487_up_up_ms,0.0,0.0,0.0,0.0
pos_488_down_down_ms,0.0,0.0,0.0,0.0
pos_488_down_up_ms,0.0,0.0,0.0,0.0
pos_488_hold_current_ms,0.0,0.0,0.0,0.0
pos_488_hold_next_ms,0.0,0.0,0.0,0.0
pos_488_up_down_ms,0.0,0.0,0.0,0.0
pos_488_up_up_ms,0.0,0.0,0.0,0.0
pos_489_down_down_ms,0.0,0.0,0.0,0.0
pos_489_down_up_ms,0.0,0.0,0.0,0.0
pos_489_hold_current_ms,0.0,0.0,0.0,0.0
pos_489_hold_next_ms,0.0,0.0,0.0,0.0
pos_489_up_down_ms,0.0,0.0,0.0,0.0
pos_489_up_up_ms,0.0,0.0,0.0,0.0
pos_490_down_down_ms,0.0,0.0,0.0,0.0
pos_490_down_up_ms,0.0,0.0,0.0,0.0
pos_490_hold_current_ms,0.0,0.0,0.0,0.0
pos_490_hold_next_ms,0.0,0.0,0.0,0.0
pos_490_up_down_ms,0.0,0.0,0.0,0.0
pos_490_up_up_ms,0.0,0.0,0.0,0.0
pos_491_down_down_ms,0.0,0.0,0.0,0.0
pos_491_down_up_ms,0.0,0.0,0.0,0.0
pos_491_hold_current_ms,0.0,0.0,0.0,0.0
pos_491_hold_next_ms,0.0,0.0,0.0,0.0
pos_491_up_down_ms,0.0,0.0,0.0,0.0
pos_491_up_up_ms,0.0,0.0,0.0,0.0
pos_492_down_down_ms,0.0,0.0,0.0,0.0
pos_492_down_up_ms,0.0,0.0,0.0,0.0
pos_492_hold_current_ms,0.0,0.0,0.0,0.0
pos_492_hold_next_ms,0.0,0.0,0.0,0.0
pos_492_up_down_ms,0.0,0.0,0.0,0.0
pos_492_up_up_ms,0.0,0.0,0.0,0.0
pos_493_down_down_ms,0.0,0.0,0.0,0.0
pos_493_down_up_ms,0.0,0.0,0.0,0.0
pos_493_hold_current_ms,0.0,0.0,0.0,0.0
pos_493_hold_next_ms,0.0,0.0,0.0,0.0
pos_493_up_down_ms,0.0,0.0,0.0,0.0
pos_493_up_up_ms,0.0,0.0,0.0,0.0
pos_494_down_down_ms,0.0,0.0,0.0,0.0
pos_494_down_up_ms,0.0,0.0,0.0,0.0
pos_494_hold_current_ms,0.0,0.0,0.0,0.0
pos_494_hold_next_ms,0.0,0.0,0.0,0.0
pos_494_up_down_ms,0.0,0.0,0.0,0.0
pos_494_up_up_ms,0.0,0.0,0.0,0.0
pos_495_down_down_ms,0.0,0.0,0.0,0.0
pos_495_down_up_ms,0.0,0.0,0.0,0.0
pos_495_hold_current_ms,0.0,0.0,0.0,0.0
pos_495_hold_next_ms,0.0,0.0,0.0,0.0
pos_495_up_down_ms,0.0,0.0,0.0,0.0
pos_495_up_up_ms,0.0,0.0,0.0,0.0
pos_496_down_down_ms,0.0,0.0,0.0,0.0
pos_496_down_up_ms,0.0,0.0,0.0,0.0
pos_496_hold_current_ms,0.0,0.0,0.0,0.0
pos_496_hold_next_ms,0.0,0.0,0.0,0.0
pos_496_up_down_ms,0.0,0.0,0.0,0.0
pos_496_up_up_ms,0.0,0.0,0.0,0.0
pos_497_down_down_ms,0.0,0.0,0.0,0.0
pos_497_down_up_ms,0.0,0.0,0.0,0.0
pos_497_hold_current_ms,0.0,0.0,0.0,0.0
pos_497_hold_next_ms,0.0,0.0,0.0,0.0
pos_497_up_down_ms,0.0,0.0,0.0,0.0
pos_497_up_up_ms,0.0,0.0,0.0,0.0
pos_498_down_down_ms,0.0,0.0,0.0,0.0
pos_498_down_up_ms,0.0,0.0,0.0,0.0
pos_498_hold_current_ms,0.0,0.0,0.0,0.0
pos_498_hold_next_ms,0.0,0.0,0.0,0.0
pos_498_up_down_ms,0.0,0.0,0.0,0.0
pos_498_up_up_ms,0.0,0.0,0.0,0.0
pos_499_down_down_ms,0.0,0.0,0.0,0.0
pos_499_down_up_ms,0.0,0.0,0.0,0.0
pos_499_hold_current_ms,0.0,0.0,0.0,0.0
pos_499_hold_next_ms,0.0,0.0,0.0,0.0
pos_499_up_down_ms,0.0,0.0,0.0,0.0
pos_499_up_up_ms,0.0,0.0,0.0,0.0
pos_500_down_down_ms,0.0,0.0,0.0,0.0
pos_500_down_up_ms,0.0,0.0,0.0,0.0
pos_500_hold_current_ms,0.0,0.0,0.0,0.0
pos_500_hold_next_ms,0.0,0.0,0.0,0.0
pos_500_up_down_ms,0.0,0.0,0.0,0.0
pos_500_up_up_ms,0.0,0.0,0.0,0.0
pos_501_down_down_ms,0.0,0.0,0.0,0.0
pos_501_down_up_ms,0.0,0.0,0.0,0.0
pos_501_hold_current_ms,0.0,0.0,0.0,0.0
pos_501_hold_next_ms,0.0,0.0,0.0,0.0
pos_501_up_down_ms,0.0,0.0,0.0,0.0
pos_501_up_up_ms,0.0,0.0,0.0,0.0
pos_502_down_down_ms,0.0,0.0,0.0,0.0
pos_502_down_up_ms,0.0,0.0,0.0,0.0
pos_502_hold_current_ms,0.0,0.0,0.0,0.0
pos_502_hold_next_ms,0.0,0.0,0.0,0.0
pos_502_up_down_ms,0.0,0.0,0.0,0.0
pos_502_up_up_ms,0.0,0.0,0.0,0.0
pos_503_down_down_ms,0.0,0.0,0.0,0.0
pos_503_down_up_ms,0.0,0.0,0.0,0.0
pos_503_hold_current_ms,0.0,0.0,0.0,0.0
pos_503_hold_next_ms,0.0,0.0,0.0,0.0
pos_503_up_down_ms,0.0,0.0,0.0,0.0
pos_503_up_up_ms,0.0,0.0,0.0,0.0
pos_504_down_down_ms,0.0,0.0,0.0,0.0
pos_504_down_up_ms,0.0,0.0,0.0,0.0
pos_504_hold_current_ms,0.0,0.0,0.0,0.0
pos_504_hold_next_ms,0.0,0.0,0.0,0.0
pos_504_up_down_ms,0.0,0.0,0.0,0.0
pos_504_up_up_ms,0.0,0.0,0.0,0.0
pos_505_down_down_ms,0.0,0.0,0.0,0.0
pos_505_down_up_ms,0.0,0.0,0.0,0.0
pos_505_hold_current_ms,0.0,0.0,0.0,0.0
pos_505_hold_next_ms,0.0,0.0,0.0,0.0
pos_505_up_down_ms,0.0,0.0,0.0,0.0
pos_505_up_up_ms,0.0,0.0,0.0,0.0
pos_506_down_down_ms,0.0,0.0,0.0,0.0
pos_506_down_up_ms,0.0,0.0,0.0,0.0
pos_506_hold_current_ms,0.0,0.0,0.0,0.0
pos_506_hold_next_ms,0.0,0.0,0.0,0.0
pos_506_up_down_ms,0.0,0.0,0.0,0.0
pos_506_up_up_ms,0.0,0.0,0.0,0.0
pos_507_down_down_ms,0.0,0.0,0.0,0.0
pos_507_down_up_ms,0.0,0.0,0.0,0.0
pos_507_hold_current_ms,0.0,0.0,0.0,0.0
pos_507_hold_next_ms,0.0,0.0,0.0,0.0
pos_507_up_down_ms,0.0,0.0,0.0,0.0
pos_507_up_up_ms,0.0,0.0,0.0,0.0
pos_508_down_down_ms,0.0,0.0,0.0,0.0
pos_508_down_up_ms,0.0,0.0,0.0,0.0
pos_508_hold_current_ms,0.0,0.0,0.0,0.0
pos_508_hold_next_ms,0.0,0.0,0.0,0.0
pos_508_up_down_ms,0.0,0.0,0.0,0.0
pos_508_up_up_ms,0.0,0.0,0.0,0.0
pos_509_down_down_ms,0.0,0.0,0.0,0.0
pos_509_down_up_ms,0.0,0.0,0.0,0.0
pos_509_hold_current_ms,0.0,0.0,0.0,0.0
pos_509_hold_next_ms,0.0,0.0,0.0,0.0
pos_509_up_down_ms,0.0,0.0,0.0,0.0
pos_509_up_up_ms,0.0,0.0,0.0,0.0
pos_510_down_down_ms,0.0,0.0,0.0,0.0
pos_510_down_up_ms,0.0,0.0,0.0,0.0
pos_510_hold_current_ms,0.0,0.0,0.0,0.0
pos_510_hold_next_ms,0.0,0.0,0.0,0.0
pos_510_up_down_ms,0.0,0.0,0.0,0.0
pos_510_up_up_ms,0.0,0.0,0.0,0.0
pos_511_down_down_ms,0.0,0.0,0.0,0.0
pos_511_down_up_ms,0.0,0.0,0.0,0.0
pos_511_hold_current_ms,0.0,0.0,0.0,0.0
pos_511_hold_next_ms,0.0,0.0,0.0,0.0
pos_511_up_down_ms,0.0,0.0,0.0,0.0
pos_511_up_up_ms,0.0,0.0,0.0,0.0
pos_512_down_down_ms,0.0,0.0,0.0,0.0
pos_512_down_up_ms,0.0,0.0,0.0,0.0
pos_512_hold_current_ms,0.0,0.0,0.0,0.0
pos_512_hold_next_ms,0.0,0.0,0.0,0.0
pos_512_up_down_ms,0.0,0.0,0.0,0.0
pos_512_up_up_ms,0.0,0.0,0.0,0.0
pos_513_down_down_ms,0.0,0.0,0.0,0.0
pos_513_down_up_ms,0.0,0.0,0.0,0.0
pos_513_hold_current_ms,0.0,0.0,0.0,0.0
pos_513_hold_next_ms,0.0,0.0,0.0,0.0
pos_513_up_down_ms,0.0,0.0,0.0,0.0
pos_513_up_up_ms,0.0,0.0,0.0,0.0
pos_514_down_down_ms,0.0,0.0,0.0,0.0
pos_514_down_up_ms,0.0,0.0,0.0,0.0
pos_514_hold_current_ms,0.0,0.0,0.0,0.0
pos_514_hold_next_ms,0.0,0.0,0.0,0.0
pos_514_up_down_ms,0.0,0.0,0.0,0.0
pos_514_up_up_ms,0.0,0.0,0.0,0.0
pos_515_down_down_ms,0.0,0.0,0.0,0.0
pos_515_down_up_ms,0.0,0.0,0.0,0.0
pos_515_hold_current_ms,0.0,0.0,0.0,0.0
pos_515_hold_next_ms,0.0,0.0,0.0,0.0
pos_515_up_down_ms,0.0,0.0,0.0,0.0
pos_515_up_up_ms,0.0,0.0,0.0,0.0
pos_516_down_down_ms,0.0,0.0,0.0,0.0
pos_516_down_up_ms,0.0,0.0,0.0,0.0
pos_516_hold_current_ms,0.0,0.0,0.0,0.0
pos_516_hold_next_ms,0.0,0.0,0.0,0.0
pos_516_up_down_ms,0.0,0.0,0.0,0.0
pos_516_up_up_ms,0.0,0.0,0.0,0.0
pos_517_down_down_ms,0.0,0.0,0.0,0.0
pos_517_down_up_ms,0.0,0.0,0.0,0.0
pos_517_hold_current_ms,0.0,0.0,0.0,0.0
pos_517_hold_next_ms,0.0,0.0,0.0,0.0
pos_517_up_down_ms,0.0,0.0,0.0,0.0
pos_517_up_up_ms,0.0,0.0,0.0,0.0
pos_518_down_down_ms,0.0,0.0,0.0,0.0
pos_518_down_up_ms,0.0,0.0,0.0,0.0
pos_518_hold_current_ms,0.0,0.0,0.0,0.0
pos_518_hold_next_ms,0.0,0.0,0.0,0.0
pos_518_up_down_ms,0.0,0.0,0.0,0.0
pos_518_up_up_ms,0.0,0.0,0.0,0.0
pos_519_down_down_ms,0.0,0.0,0.0,0.0
pos_519_down_up_ms,0.0,0.0,0.0,0.0
pos_519_hold_current_ms,0.0,0.0,0.0,0.0
pos_519_hold_next_ms,0.0,0.0,0.0,0.0
pos_519_up_down_ms,0.0,0.0,0.0,0.0
pos_519_up_up_ms,0.0,0.0,0.0,0.0
pos_520_down_down_ms,0.0,0.0,0.0,0.0
pos_520_down_up_ms,0.0,0.0,0.0,0.0
pos_520_hold_current_ms,0.0,0.0,0.0,0.0
pos_520_hold_next_ms,0.0,0.0,0.0,0.0
pos_520_up_down_ms,0.0,0.0,0.0,0.0
pos_520_up_up_ms,0.0,0.0,0.0,0.0
pos_521_down_down_ms,0.0,0.0,0.0,0.0
pos_521_down_up_ms,0.0,0.0,0.0,0.0
pos_521_hold_current_ms,0.0,0.0,0.0,0.0
pos_521_hold_next_ms,0.0,0.0,0.0,0.0
pos_521_up_down_ms,0.0,0.0,0.0,0.0
pos_521_up_up_ms,0.0,0.0,0.0,0.0
pos_522_down_down_ms,0.0,0.0,0.0,0.0
pos_522_down_up_ms,0.0,0.0,0.0,0.0
pos_522_hold_current_ms,0.0,0.0,0.0,0.0
pos_522_hold_next_ms,0.0,0.0,0.0,0.0
pos_522_up_down_ms,0.0,0.0,0.0,0.0
pos_522_up_up_ms,0.0,0.0,0.0,0.0
pos_523_down_down_ms,0.0,0.0,0.0,0.0
pos_523_down_up_ms,0.0,0.0,0.0,0.0
pos_523_hold_current_ms,0.0,0.0,0.0,0.0
pos_523_hold_next_ms,0.0,0.0,0.0,0.0
pos_523_up_down_ms,0.0,0.0,0.0,0.0
pos_523_up_up_ms,0.0,0.0,0.0,0.0
pos_524_down_down_ms,0.0,0.0,0.0,0.0
pos_524_down_up_ms,0.0,0.0,0.0,0.0
pos_524_hold_current_ms,0.0,0.0,0.0,0.0
pos_524_hold_next_ms,0.0,0.0,0.0,0.0
pos_524_up_down_ms,0.0,0.0,0.0,0.0
pos_524_up_up_ms,0.0,0.0,0.0,0.0
pos_525_down_down_ms,0.0,0.0,0.0,0.0
pos_525_down_up_ms,0.0,0.0,0.0,0.0
pos_525_hold_current_ms,0.0,0.0,0.0,0.0
pos_525_hold_next_ms,0.0,0.0,0.0,0.0
pos_525_up_down_ms,0.0,0.0,0.0,0.0
pos_525_up_up_ms,0.0,0.0,0.0,0.0
pos_526_down_down_ms,0.0,0.0,0.0,0.0
pos_526_down_up_ms,0.0,0.0,0.0,0.0
pos_526_hold_current_ms,0.0,0.0,0.0,0.0
pos_526_hold_next_ms,0.0,0.0,0.0,0.0
pos_526_up_down_ms,0.0,0.0,0.0,0.0
pos_526_up_up_ms,0.0,0.0,0.0,0.0
pos_527_down_down_ms,0.0,0.0,0.0,0.0
pos_527_down_up_ms,0.0,0.0,0.0,0.0
pos_527_hold_current_ms,0.0,0.0,0.0,0.0
pos_527_hold_next_ms,0.0,0.0,0.0,0.0
pos_527_up_down_ms,0.0,0.0,0.0,0.0
pos_527_up_up_ms,0.0,0.0,0.0,0.0
pos_528_down_down_ms,0.0,0.0,0.0,0.0
pos_528_down_up_ms,0.0,0.0,0.0,0.0
pos_528_hold_current_ms,0.0,0.0,0.0,0.0
pos_528_hold_next_ms,0.0,0.0,0.0,0.0
pos_528_up_down_ms,0.0,0.0,0.0,0.0
pos_528_up_up_ms,0.0,0.0,0.0,0.0
pos_529_down_down_ms,0.0,0.0,0.0,0.0
pos_529_down_up_ms,0.0,0.0,0.0,0.0
pos_529_hold_current_ms,0.0,0.0,0.0,0.0
pos_529_hold_next_ms,0.0,0.0,0.0,0.0
pos_529_up_down_ms,0.0,0.0,0.0,0.0
pos_529_up_up_ms,0.0,0.0,0.0,0.0
pos_530_down_down_ms,0.0,0.0,0.0,0.0
pos_530_down_up_ms,0.0,0.0,0.0,0.0
pos_530_hold_current_ms,0.0,0.0,0.0,0.0
pos_530_hold_next_ms,0.0,0.0,0.0,0.0
pos_530_up_down_ms,0.0,0.0,0.0,0.0
pos_530_up_up_ms,0.0,0.0,0.0,0.0
pos_531_down_down_ms,0.0,0.0,0.0,0.0
pos_531_down_up_ms,0.0,0.0,0.0,0.0
pos_531_hold_current_ms,0.0,0.0,0.0,0.0
pos_531_hold_next_ms,0.0,0.0,0.0,0.0
pos_531_up_down_ms,0.0,0.0,0.0,0.0
pos_531_up_up_ms,0.0,0.0,0.0,0.0
pos_532_down_down_ms,0.0,0.0,0.0,0.0
pos_532_down_up_ms,0.0,0.0,0.0,0.0
pos_532_hold_current_ms,0.0,0.0,0.0,0.0
pos_532_hold_next_ms,0.0,0.0,0.0,0.0
pos_532_up_down_ms,0.0,0.0,0.0,0.0
pos_532_up_up_ms,0.0,0.0,0.0,0.0
pos_533_down_down_ms,0.0,0.0,0.0,0.0
pos_533_down_up_ms,0.0,0.0,0.0,0.0
pos_533_hold_current_ms,0.0,0.0,0.0,0.0
pos_533_hold_next_ms,0.0,0.0,0.0,0.0
pos_533_up_down_ms,0.0,0.0,0.0,0.0
pos_533_up_up_ms,0.0,0.0,0.0,0.0
pos_534_down_down_ms,0.0,0.0,0.0,0.0
pos_534_down_up_ms,0.0,0.0,0.0,0.0
pos_534_hold_current_ms,0.0,0.0,0.0,0.0
pos_534_hold_next_ms,0.0,0.0,0.0,0.0
pos_534_up_down_ms,0.0,0.0,0.0,0.0
pos_534_up_up_ms,0.0,0.0,0.0,0.0
pos_535_down_down_ms,0.0,0.0,0.0,0.0
pos_535_down_up_ms,0.0,0.0,0.0,0.0
pos_535_hold_current_ms,0.0,0.0,0.0,0.0
pos_535_hold_next_ms,0.0,0.0,0.0,0.0
pos_535_up_down_ms,0.0,0.0,0.0,0.0
pos_535_up_up_ms,0.0,0.0,0.0,0.0
pos_536_down_down_ms,0.0,0.0,0.0,0.0
pos_536_down_up_ms,0.0,0.0,0.0,0.0
pos_536_hold_current_ms,0.0,0.0,0.0,0.0
pos_536_hold_next_ms,0.0,0.0,0.0,0.0
pos_536_up_down_ms,0.0,0.0,0.0,0.0
pos_536_up_up_ms,0.0,0.0,0.0,0.0
pos_537_down_down_ms,0.0,0.0,0.0,0.0
pos_537_down_up_ms,0.0,0.0,0.0,0.0
pos_537_hold_current_ms,0.0,0.0,0.0,0.0
pos_537_hold_next_ms,0.0,0.0,0.0,0.0
pos_537_up_down_ms,0.0,0.0,0.0,0.0
pos_537_up_up_ms,0.0,0.0,0.0,0.0
pos_538_down_down_ms,0.0,0.0,0.0,0.0
pos_538_down_up_ms,0.0,0.0,0.0,0.0
pos_538_hold_current_ms,0.0,0.0,0.0,0.0
pos_538_hold_next_ms,0.0,0.0,0.0,0.0
pos_538_up_down_ms,0.0,0.0,0.0,0.0
pos_538_up_up_ms,0.0,0.0,0.0,0.0
pos_539_down_down_ms,0.0,0.0,0.0,0.0
pos_539_down_up_ms,0.0,0.0,0.0,0.0
pos_539_hold_current_ms,0.0,0.0,0.0,0.0
pos_539_hold_next_ms,0.0,0.0,0.0,0.0
pos_539_up_down_ms,0.0,0.0,0.0,0.0
pos_539_up_up_ms,0.0,0.0,0.0,0.0
pos_540_down_down_ms,0.0,0.0,0.0,0.0
pos_540_down_up_ms,0.0,0.0,0.0,0.0
pos_540_hold_current_ms,0.0,0.0,0.0,0.0
pos_540_hold_next_ms,0.0,0.0,0.0,0.0
pos_540_up_down_ms,0.0,0.0,0.0,0.0
pos_540_up_up_ms,0.0,0.0,0.0,0.0
pos_541_down_down_ms,0.0,0.0,0.0,0.0
pos_541_down_up_ms,0.0,0.0,0.0,0.0
pos_541_hold_current_ms,0.0,0.0,0.0,0.0
pos_541_hold_next_ms,0.0,0.0,0.0,0.0
pos_541_up_down_ms,0.0,0.0,0.0,0.0
pos_541_up_up_ms,0.0,0.0,0.0,0.0
pos_542_down_down_ms,0.0,0.0,0.0,0.0
pos_542_down_up_ms,0.0,0.0,0.0,0.0
pos_542_hold_current_ms,0.0,0.0,0.0,0.0
pos_542_hold_next_ms,0.0,0.0,0.0,0.0
pos_542_up_down_ms,0.0,0.0,0.0,0.0
pos_542_up_up_ms,0.0,0.0,0.0,0.0
pos_543_down_down_ms,0.0,0.0,0.0,0.0
pos_543_down_up_ms,0.0,0.0,0.0,0.0
pos_543_hold_current_ms,0.0,0.0,0.0,0.0
pos_543_hold_next_ms,0.0,0.0,0.0,0.0
pos_543_up_down_ms,0.0,0.0,0.0,0.0
pos_543_up_up_ms,0.0,0.0,0.0,0.0
pos_544_down_down_ms,0.0,0.0,0.0,0.0
pos_544_down_up_ms,0.0,0.0,0.0,0.0
pos_544_hold_current_ms,0.0,0.0,0.0,0.0
pos_544_hold_next_ms,0.0,0.0,0.0,0.0
pos_544_up_down_ms,0.0,0.0,0.0,0.0
pos_544_up_up_ms,0.0,0.0,0.0,0.0
pos_545_down_down_ms,0.0,0.0,0.0,0.0
pos_545_down_up_ms,0.0,0.0,0.0,0.0
pos_545_hold_current_ms,0.0,0.0,0.0,0.0
pos_545_hold_next_ms,0.0,0.0,0.0,0.0
pos_545_up_down_ms,0.0,0.0,0.0,0.0
pos_545_up_up_ms,0.0,0.0,0.0,0.0
pos_546_down_down_ms,0.0,0.0,0.0,0.0
pos_546_down_up_ms,0.0,0.0,0.0,0.0
pos_546_hold_current_ms,0.0,0.0,0.0,0.0
pos_546_hold_next_ms,0.0,0.0,0.0,0.0
pos_546_up_down_ms,0.0,0.0,0.0,0.0
pos_546_up_up_ms,0.0,0.0,0.0,0.0
pos_547_down_down_ms,0.0,0.0,0.0,0.0
pos_547_down_up_ms,0.0,0.0,0.0,0.0
pos_547_hold_current_ms,0.0,0.0,0.0,0.0
pos_547_hold_next_ms,0.0,0.0,0.0,0.0
pos_547_up_down_ms,0.0,0.0,0.0,0.0
pos_547_up_up_ms,0.0,0.0,0.0,0.0
pos_548_down_down_ms,0.0,0.0,0.0,0.0
pos_548_down_up_ms,0.0,0.0,0.0,0.0
pos_548_hold_current_ms,0.0,0.0,0.0,0.0
pos_548_hold_next_ms,0.0,0.0,0.0,0.0
pos_548_up_down_ms,0.0,0.0,0.0,0.0
pos_548_up_up_ms,0.0,0.0,0.0,0.0
pos_549_down_down_ms,0.0,0.0,0.0,0.0
pos_549_down_up_ms,0.0,0.0,0.0,0.0
pos_549_hold_current_ms,0.0,0.0,0.0,0.0
pos_549_hold_next_ms,0.0,0.0,0.0,0.0
pos_549_up_down_ms,0.0,0.0,0.0,0.0
pos_549_up_up_ms,0.0,0.0,0.0,0.0
pos_550_down_down_ms,0.0,0.0,0.0,0.0
pos_550_down_up_ms,0.0,0.0,0.0,0.0
pos_550_hold_current_ms,0.0,0.0,0.0,0.0
pos_550_hold_next_ms,0.0,0.0,0.0,0.0
pos_550_up_down_ms,0.0,0.0,0.0,0.0
pos_550_up_up_ms,0.0,0.0,0.0,0.0
pos_551_down_down_ms,0.0,0.0,0.0,0.0
pos_551_down_up_ms,0.0,0.0,0.0,0.0
pos_551_hold_current_ms,0.0,0.0,0.0,0.0
pos_551_hold_next_ms,0.0,0.0,0.0,0.0
pos_551_up_down_ms,0.0,0.0,0.0,0.0
pos_551_up_up_ms,0.0,0.0,0.0,0.0
pos_552_down_down_ms,0.0,0.0,0.0,0.0
pos_552_down_up_ms,0.0,0.0,0.0,0.0
pos_552_hold_current_ms,0.0,0.0,0.0,0.0
pos_552_hold_next_ms,0.0,0.0,0.0,0.0
pos_552_up_down_ms,0.0,0.0,0.0,0.0
pos_552_up_up_ms,0.0,0.0,0.0,0.0
pos_553_down_down_ms,0.0,0.0,0.0,0.0
pos_553_down_up_ms,0.0,0.0,0.0,0.0
pos_553_hold_current_ms,0.0,0.0,0.0,0.0
pos_553_hold_next_ms,0.0,0.0,0.0,0.0
pos_553_up_down_ms,0.0,0.0,0.0,0.0
pos_553_up_up_ms,0.0,0.0,0.0,0.0
pos_554_down_down_ms,0.0,0.0,0.0,0.0
pos_554_down_up_ms,0.0,0.0,0.0,0.0
pos_554_hold_current_ms,0.0,0.0,0.0,0.0
pos_554_hold_next_ms,0.0,0.0,0.0,0.0
pos_554_up_down_ms,0.0,0.0,0.0,0.0
pos_554_up_up_ms,0.0,0.0,0.0,0.0
pos_555_down_down_ms,0.0,0.0,0.0,0.0
pos_555_down_up_ms,0.0,0.0,0.0,0.0
pos_555_hold_current_ms,0.0,0.0,0.0,0.0
pos_555_hold_next_ms,0.0,0.0,0.0,0.0
pos_555_up_down_ms,0.0,0.0,0.0,0.0
pos_555_up_up_ms,0.0,0.0,0.0,0.0
pos_556_down_down_ms,0.0,0.0,0.0,0.0
pos_556_down_up_ms,0.0,0.0,0.0,0.0
pos_556_hold_current_ms,0.0,0.0,0.0,0.0
pos_556_hold_next_ms,0.0,0.0,0.0,0.0
pos_556_up_down_ms,0.0,0.0,0.0,0.0
pos_556_up_up_ms,0.0,0.0,0.0,0.0
pos_557_down_down_ms,0.0,0.0,0.0,0.0
pos_557_down_up_ms,0.0,0.0,0.0,0.0
pos_557_hold_current_ms,0.0,0.0,0.0,0.0
pos_557_hold_next_ms,0.0,0.0,0.0,0.0
pos_557_up_down_ms,0.0,0.0,0.0,0.0
pos_557_up_up_ms,0.0,0.0,0.0,0.0
pos_558_down_down_ms,0.0,0.0,0.0,0.0
pos_558_down_up_ms,0.0,0.0,0.0,0.0
pos_558_hold_current_ms,0.0,0.0,0.0,0.0
pos_558_hold_next_ms,0.0,0.0,0.0,0.0
pos_558_up_down_ms,0.0,0.0,0.0,0.0
pos_558_up_up_ms,0.0,0.0,0.0,0.0
pos_559_down_down_ms,0.0,0.0,0.0,0.0
pos_559_down_up_ms,0.0,0.0,0.0,0.0
pos_559_hold_current_ms,0.0,0.0,0.0,0.0
pos_559_hold_next_ms,0.0,0.0,0.0,0.0
pos_559_up_down_ms,0.0,0.0,0.0,0.0
pos_559_up_up_ms,0.0,0.0,0.0,0.0
pos_560_down_down_ms,0.0,0.0,0.0,0.0
pos_560_down_up_ms,0.0,0.0,0.0,0.0
pos_560_hold_current_ms,0.0,0.0,0.0,0.0
pos_560_hold_next_ms,0.0,0.0,0.0,0.0
pos_560_up_down_ms,0.0,0.0,0.0,0.0
pos_560_up_up_ms,0.0,0.0,0.0,0.0
pos_561_down_down_ms,0.0,0.0,0.0,0.0
pos_561_down_up_ms,0.0,0.0,0.0,0.0
pos_561_hold_current_ms,0.0,0.0,0.0,0.0
pos_561_hold_next_ms,0.0,0.0,0.0,0.0
pos_561_up_down_ms,0.0,0.0,0.0,0.0
pos_561_up_up_ms,0.0,0.0,0.0,0.0
pos_562_down_down_ms,0.0,0.0,0.0,0.0
pos_562_down_up_ms,0.0,0.0,0.0,0.0
pos_562_hold_current_ms,0.0,0.0,0.0,0.0
pos_562_hold_next_ms,0.0,0.0,0.0,0.0
pos_562_up_down_ms,0.0,0.0,0.0,0.0
pos_562_up_up_ms,0.0,0.0,0.0,0.0
pos_563_down_down_ms,0.0,0.0,0.0,0.0
pos_563_down_up_ms,0.0,0.0,0.0,0.0
pos_563_hold_current_ms,0.0,0.0,0.0,0.0
pos_563_hold_next_ms,0.0,0.0,0.0,0.0
pos_563_up_down_ms,0.0,0.0,0.0,0.0
pos_563_up_up_ms,0.0,0.0,0.0,0.0
pos_564_down_down_ms,0.0,0.0,0.0,0.0
pos_564_down_up_ms,0.0,0.0,0.0,0.0
pos_564_hold_current_ms,0.0,0.0,0.0,0.0
pos_564_hold_next_ms,0.0,0.0,0.0,0.0
pos_564_up_down_ms,0.0,0.0,0.0,0.0
pos_564_up_up_ms,0.0,0.0,0.0,0.0
pos_565_down_down_ms,0.0,0.0,0.0,0.0
pos_565_down_up_ms,0.0,0.0,0.0,0.0
pos_565_hold_current_ms,0.0,0.0,0.0,0.0
pos_565_hold_next_ms,0.0,0.0,0.0,0.0
pos_565_up_down_ms,0.0,0.0,0.0,0.0
pos_565_up_up_ms,0.0,0.0,0.0,0.0
pos_566_down_down_ms,0.0,0.0,0.0,0.0
pos_566_down_up_ms,0.0,0.0,0.0,0.0
pos_566_hold_current_ms,0.0,0.0,0.0,0.0
pos_566_hold_next_ms,0.0,0.0,0.0,0.0
pos_566_up_down_ms,0.0,0.0,0.0,0.0
pos_566_up_up_ms,0.0,0.0,0.0,0.0
pos_567_down_down_ms,0.0,0.0,0.0,0.0
pos_567_down_up_ms,0.0,0.0,0.0,0.0
pos_567_hold_current_ms,0.0,0.0,0.0,0.0
pos_567_hold_next_ms,0.0,0.0,0.0,0.0
pos_567_up_down_ms,0.0,0.0,0.0,0.0
pos_567_up_up_ms,0.0,0.0,0.0,0.0
pos_568_down_down_ms,0.0,0.0,0.0,0.0
pos_568_down_up_ms,0.0,0.0,0.0,0.0
pos_568_hold_current_ms,0.0,0.0,0.0,0.0
pos_568_hold_next_ms,0.0,0.0,0.0,0.0
pos_568_up_down_ms,0.0,0.0,0.0,0.0
pos_568_up_up_ms,0.0,0.0,0.0,0.0
pos_569_down_down_ms,0.0,0.0,0.0,0.0
pos_569_down_up_ms,0.0,0.0,0.0,0.0
pos_569_hold_current_ms,0.0,0.0,0.0,0.0
pos_569_hold_next_ms,0.0,0.0,0.0,0.0
pos_569_up_down_ms,0.0,0.0,0.0,0.0
pos_569_up_up_ms,0.0,0.0,0.0,0.0
pos_570_down_down_ms,0.0,0.0,0.0,0.0
pos_570_down_up_ms,0.0,0.0,0.0,0.0
pos_570_hold_current_ms,0.0,0.0,0.0,0.0
pos_570_hold_next_ms,0.0,0.0,0.0,0.0
pos_570_up_down_ms,0.0,0.0,0.0,0.0
pos_570_up_up_ms,0.0,0.0,0.0,0.0
pos_571_down_down_ms,0.0,0.0,0.0,0.0
pos_571_down_up_ms,0.0,0.0,0.0,0.0
pos_571_hold_current_ms,0.0,0.0,0.0,0.0
pos_571_hold_next_ms,0.0,0.0,0.0,0.0
pos_571_up_down_ms,0.0,0.0,0.0,0.0
pos_571_up_up_ms,0.0,0.0,0.0,0.0
pos_572_down_down_ms,0.0,0.0,0.0,0.0
pos_572_down_up_ms,0.0,0.0,0.0,0.0
pos_572_hold_current_ms,0.0,0.0,0.0,0.0
pos_572_hold_next_ms,0.0,0.0,0.0,0.0
pos_572_up_down_ms,0.0,0.0,0.0,0.0
pos_572_up_up_ms,0.0,0.0,0.0,0.0
pos_573_down_down_ms,0.0,0.0,0.0,0.0
pos_573_down_up_ms,0.0,0.0,0.0,0.0
pos_573_hold_current_ms,0.0,0.0,0.0,0.0
pos_573_hold_next_ms,0.0,0.0,0.0,0.0
pos_573_up_down_ms,0.0,0.0,0.0,0.0
pos_573_up_up_ms,0.0,0.0,0.0,0.0
pos_574_down_down_ms,0.0,0.0,0.0,0.0
pos_574_down_up_ms,0.0,0.0,0.0,0.0
pos_574_hold_current_ms,0.0,0.0,0.0,0.0
pos_574_hold_next_ms,0.0,0.0,0.0,0.0
pos_574_up_down_ms,0.0,0.0,0.0,0.0
pos_574_up_up_ms,0.0,0.0,0.0,0.0
pos_575_down_down_ms,0.0,0.0,0.0,0.0
pos_575_down_up_ms,0.0,0.0,0.0,0.0
pos_575_hold_current_ms,0.0,0.0,0.0,0.0
pos_575_hold_next_ms,0.0,0.0,0.0,0.0
pos_575_up_down_ms,0.0,0.0,0.0,0.0
pos_575_up_up_ms,0.0,0.0,0.0,0.0
pos_576_down_down_ms,0.0,0.0,0.0,0.0
pos_576_down_up_ms,0.0,0.0,0.0,0.0
pos_576_hold_current_ms,0.0,0.0,0.0,0.0
pos_576_hold_next_ms,0.0,0.0,0.0,0.0
pos_576_up_down_ms,0.0,0.0,0.0,0.0
pos_576_up_up_ms,0.0,0.0,0.0,0.0
pos_577_down_down_ms,0.0,0.0,0.0,0.0
pos_577_down_up_ms,0.0,0.0,0.0,0.0
pos_577_hold_current_ms,0.0,0.0,0.0,0.0
pos_577_hold_next_ms,0.0,0.0,0.0,0.0
pos_577_up_down_ms,0.0,0.0,0.0,0.0
pos_577_up_up_ms,0.0,0.0,0.0,0.0
pos_578_down_down_ms,0.0,0.0,0.0,0.0
pos_578_down_up_ms,0.0,0.0,0.0,0.0
pos_578_hold_current_ms,0.0,0.0,0.0,0.0
pos_578_hold_next_ms,0.0,0.0,0.0,0.0
pos_578_up_down_ms,0.0,0.0,0.0,0.0
pos_578_up_up_ms,0.0,0.0,0.0,0.0
pos_579_down_down_ms,0.0,0.0,0.0,0.0
pos_579_down_up_ms,0.0,0.0,0.0,0.0
pos_579_hold_current_ms,0.0,0.0,0.0,0.0
pos_579_hold_next_ms,0.0,0.0,0.0,0.0
pos_579_up_down_ms,0.0,0.0,0.0,0.0
pos_579_up_up_ms,0.0,0.0,0.0,0.0
pos_580_down_down_ms,0.0,0.0,0.0,0.0
pos_580_down_up_ms,0.0,0.0,0.0,0.0
pos_580_hold_current_ms,0.0,0.0,0.0,0.0
pos_580_hold_next_ms,0.0,0.0,0.0,0.0
pos_580_up_down_ms,0.0,0.0,0.0,0.0
pos_580_up_up_ms,0.0,0.0,0.0,0.0
pos_581_down_down_ms,0.0,0.0,0.0,0.0
pos_581_down_up_ms,0.0,0.0,0.0,0.0
pos_581_hold_current_ms,0.0,0.0,0.0,0.0
pos_581_hold_next_ms,0.0,0.0,0.0,0.0
pos_581_up_down_ms,0.0,0.0,0.0,0.0
pos_581_up_up_ms,0.0,0.0,0.0,0.0
pos_582_down_down_ms,0.0,0.0,0.0,0.0
pos_582_down_up_ms,0.0,0.0,0.0,0.0
pos_582_hold_current_ms,0.0,0.0,0.0,0.0
pos_582_hold_next_ms,0.0,0.0,0.0,0.0
pos_582_up_down_ms,0.0,0.0,0.0,0.0
pos_582_up_up_ms,0.0,0.0,0.0,0.0
pos_583_down_down_ms,0.0,0.0,0.0,0.0
pos_583_down_up_ms,0.0,0.0,0.0,0.0
pos_583_hold_current_ms,0.0,0.0,0.0,0.0
pos_583_hold_next_ms,0.0,0.0,0.0,0.0
pos_583_up_down_ms,0.0,0.0,0.0,0.0
pos_583_up_up_ms,0.0,0.0,0.0,0.0
pos_584_down_down_ms,0.0,0.0,0.0,0.0
pos_584_down_up_ms,0.0,0.0,0.0,0.0
pos_584_hold_current_ms,0.0,0.0,0.0,0.0
pos_584_hold_next_ms,0.0,0.0,0.0,0.0
pos_584_up_down_ms,0.0,0.0,0.0,0.0
pos_584_up_up_ms,0.0,0.0,0.0,0.0
pos_585_down_down_ms,0.0,0.0,0.0,0.0
pos_585_down_up_ms,0.0,0.0,0.0,0.0
pos_585_hold_current_ms,0.0,0.0,0.0,0.0
pos_585_hold_next_ms,0.0,0.0,0.0,0.0
pos_585_up_down_ms,0.0,0.0,0.0,0.0
pos_585_up_up_ms,0.0,0.0,0.0,0.0
pos_586_down_down_ms,0.0,0.0,0.0,0.0
pos_586_down_up_ms,0.0,0.0,0.0,0.0
pos_586_hold_current_ms,0.0,0.0,0.0,0.0
pos_586_hold_next_ms,0.0,0.0,0.0,0.0
pos_586_up_down_ms,0.0,0.0,0.0,0.0
pos_586_up_up_ms,0.0,0.0,0.0,0.0
pos_587_down_down_ms,0.0,0.0,0.0,0.0
pos_587_down_up_ms,0.0,0.0,0.0,0.0
pos_587_hold_current_ms,0.0,0.0,0.0,0.0
pos_587_hold_next_ms,0.0,0.0,0.0,0.0
pos_587_up_down_ms,0.0,0.0,0.0,0.0
pos_587_up_up_ms,0.0,0.0,0.0,0.0
pos_588_down_down_ms,0.0,0.0,0.0,0.0
pos_588_down_up_ms,0.0,0.0,0.0,0.0
pos_588_hold_current_ms,0.0,0.0,0.0,0.0
pos_588_hold_next_ms,0.0,0.0,0.0,0.0
pos_588_up_down_ms,0.0,0.0,0.0,0.0
pos_588_up_up_ms,0.0,0.0,0.0,0.0
pos_589_down_down_ms,0.0,0.0,0.0,0.0
pos_589_down_up_ms,0.0,0.0,0.0,0.0
pos_589_hold_current_ms,0.0,0.0,0.0,0.0
pos_589_hold_next_ms,0.0,0.0,0.0,0.0
pos_589_up_down_ms,0.0,0.0,0.0,0.0
pos_589_up_up_ms,0.0,0.0,0.0,0.0
pos_590_down_down_ms,0.0,0.0,0.0,0.0
pos_590_down_up_ms,0.0,0.0,0.0,0.0
pos_590_hold_current_ms,0.0,0.0,0.0,0.0
pos_590_hold_next_ms,0.0,0.0,0.0,0.0
pos_590_up_down_ms,0.0,0.0,0.0,0.0
pos_590_up_up_ms,0.0,0.0,0.0,0.0
pos_591_down_down_ms,0.0,0.0,0.0,0.0
pos_591_down_up_ms,0.0,0.0,0.0,0.0
pos_591_hold_current_ms,0.0,0.0,0.0,0.0
pos_591_hold_next_ms,0.0,0.0,0.0,0.0
pos_591_up_down_ms,0.0,0.0,0.0,0.0
pos_591_up_up_ms,0.0,0.0,0.0,0.0
pos_592_down_down_ms,0.0,0.0,0.0,0.0
pos_592_down_up_ms,0.0,0.0,0.0,0.0
pos_592_hold_current_ms,0.0,0.0,0.0,0.0
pos_592_hold_next_ms,0.0,0.0,0.0,0.0
pos_592_up_down_ms,0.0,0.0,0.0,0.0
pos_592_up_up_ms,0.0,0.0,0.0,0.0
pos_593_down_down_ms,0.0,0.0,0.0,0.0
pos_593_down_up_ms,0.0,0.0,0.0,0.0
pos_593_hold_current_ms,0.0,0.0,0.0,0.0
pos_593_hold_next_ms,0.0,0.0,0.0,0.0
pos_593_up_down_ms,0.0,0.0,0.0,0.0
pos_593_up_up_ms,0.0,0.0,0.0,0.0
pos_594_down_down_ms,0.0,0.0,0.0,0.0
pos_594_down_up_ms,0.0,0.0,0.0,0.0
pos_594_hold_current_ms,0.0,0.0,0.0,0.0
pos_594_hold_next_ms,0.0,0.0,0.0,0.0
pos_594_up_down_ms,0.0,0.0,0.0,0.0
pos_594_up_up_ms,0.0,0.0,0.0,0.0
pos_595_down_down_ms,0.0,0.0,0.0,0.0
pos_595_down_up_ms,0.0,0.0,0.0,0.0
pos_595_hold_current_ms,0.0,0.0,0.0,0.0
pos_595_hold_next_ms,0.0,0.0,0.0,0.0
pos_595_up_down_ms,0.0,0.0,0.0,0.0
pos_595_up_up_ms,0.0,0.0,0.0,0.0
pos_596_down_down_ms,0.0,0.0,0.0,0.0
pos_596_down_up_ms,0.0,0.0,0.0,0.0
pos_596_hold_current_ms,0.0,0.0,0.0,0.0
pos_596_hold_next_ms,0.0,0.0,0.0,0.0
pos_596_up_down_ms,0.0,0.0,0.0,0.0
pos_596_up_up_ms,0.0,0.0,0.0,0.0
pos_597_down_down_ms,0.0,0.0,0.0,0.0
pos_597_down_up_ms,0.0,0.0,0.0,0.0
pos_597_hold_current_ms,0.0,0.0,0.0,0.0
pos_597_hold_next_ms,0.0,0.0,0.0,0.0
pos_597_up_down_ms,0.0,0.0,0.0,0.0
pos_597_up_up_ms,0.0,0.0,0.0,0.0
pos_598_down_down_ms,0.0,0.0,0.0,0.0
pos_598_down_up_ms,0.0,0.0,0.0,0.0
pos_598_hold_current_ms,0.0,0.0,0.0,0.0
pos_598_hold_next_ms,0.0,0.0,0.0,0.0
pos_598_up_down_ms,0.0,0.0,0.0,0.0
pos_598_up_up_ms,0.0,0.0,0.0,0.0
pos_599_down_down_ms,0.0,0.0,0.0,0.0
pos_599_down_up_ms,0.0,0.0,0.0,0.0
pos_599_hold_current_ms,0.0,0.0,0.0,0.0
pos_599_hold_next_ms,0.0,0.0,0.0,0.0
pos_599_up_down_ms,0.0,0.0,0.0,0.0
pos_599_up_up_ms,0.0,0.0,0.0,0.0
pos_600_down_down_ms,0.0,0.0,0.0,0.0
pos_600_down_up_ms,0.0,0.0,0.0,0.0
pos_600_hold_current_ms,0.0,0.0,0.0,0.0
pos_600_hold_next_ms,0.0,0.0,0.0,0.0
pos_600_up_down_ms,0.0,0.0,0.0,0.0
pos_600_up_up_ms,0.0,0.0,0.0,0.0
pos_601_down_down_ms,0.0,0.0,0.0,0.0
pos_601_down_up_ms,0.0,0.0,0.0,0.0
pos_601_hold_current_ms,0.0,0.0,0.0,0.0
pos_601_hold_next_ms,0.0,0.0,0.0,0.0
pos_601_up_down_ms,0.0,0.0,0.0,0.0
pos_601_up_up_ms,0.0,0.0,0.0,0.0
pos_602_down_down_ms,0.0,0.0,0.0,0.0
pos_602_down_up_ms,0.0,0.0,0.0,0.0
pos_602_hold_current_ms,0.0,0.0,0.0,0.0
pos_602_hold_next_ms,0.0,0.0,0.0,0.0
pos_602_up_down_ms,0.0,0.0,0.0,0.0
pos_602_up_up_ms,0.0,0.0,0.0,0.0
pos_603_down_down_ms,0.0,0.0,0.0,0.0
pos_603_down_up_ms,0.0,0.0,0.0,0.0
pos_603_hold_current_ms,0.0,0.0,0.0,0.0
pos_603_hold_next_ms,0.0,0.0,0.0,0.0
pos_603_up_down_ms,0.0,0.0,0.0,0.0
pos_603_up_up_ms,0.0,0.0,0.0,0.0
pos_604_down_down_ms,0.0,0.0,0.0,0.0
pos_604_down_up_ms,0.0,0.0,0.0,0.0
pos_604_hold_current_ms,0.0,0.0,0.0,0.0
pos_604_hold_next_ms,0.0,0.0,0.0,0.0
pos_604_up_down_ms,0.0,0.0,0.0,0.0
pos_604_up_up_ms,0.0,0.0,0.0,0.0
pos_605_down_down_ms,0.0,0.0,0.0,0.0
pos_605_down_up_ms,0.0,0.0,0.0,0.0
pos_605_hold_current_ms,0.0,0.0,0.0,0.0
pos_605_hold_next_ms,0.0,0.0,0.0,0.0
pos_605_up_down_ms,0.0,0.0,0.0,0.0
pos_605_up_up_ms,0.0,0.0,0.0,0.0
pos_606_down_down_ms,0.0,0.0,0.0,0.0
pos_606_down_up_ms,0.0,0.0,0.0,0.0
pos_606_hold_current_ms,0.0,0.0,0.0,0.0
pos_606_hold_next_ms,0.0,0.0,0.0,0.0
pos_606_up_down_ms,0.0,0.0,0.0,0.0
pos_606_up_up_ms,0.0,0.0,0.0,0.0
pos_607_down_down_ms,0.0,0.0,0.0,0.0
pos_607_down_up_ms,0.0,0.0,0.0,0.0
pos_607_hold_current_ms,0.0,0.0,0.0,0.0
pos_607_hold_next_ms,0.0,0.0,0.0,0.0
pos_607_up_down_ms,0.0,0.0,0.0,0.0
pos_607_up_up_ms,0.0,0.0,0.0,0.0
pos_608_down_down_ms,0.0,0.0,0.0,0.0
pos_608_down_up_ms,0.0,0.0,0.0,0.0
pos_608_hold_current_ms,0.0,0.0,0.0,0.0
pos_608_hold_next_ms,0.0,0.0,0.0,0.0
pos_608_up_down_ms,0.0,0.0,0.0,0.0
pos_608_up_up_ms,0.0,0.0,0.0,0.0
pos_609_down_down_ms,0.0,0.0,0.0,0.0
pos_609_down_up_ms,0.0,0.0,0.0,0.0
pos_609_hold_current_ms,0.0,0.0,0.0,0.0
pos_609_hold_next_ms,0.0,0.0,0.0,0.0
pos_609_up_down_ms,0.0,0.0,0.0,0.0
pos_609_up_up_ms,0.0,0.0,0.0,0.0
pos_610_down_down_ms,0.0,0.0,0.0,0.0
pos_610_down_up_ms,0.0,0.0,0.0,0.0
pos_610_hold_current_ms,0.0,0.0,0.0,0.0
pos_610_hold_next_ms,0.0,0.0,0.0,0.0
pos_610_up_down_ms,0.0,0.0,0.0,0.0
pos_610_up_up_ms,0.0,0.0,0.0,0.0
pos_611_down_down_ms,0.0,0.0,0.0,0.0
pos_611_down_up_ms,0.0,0.0,0.0,0.0
pos_611_hold_current_ms,0.0,0.0,0.0,0.0
pos_611_hold_next_ms,0.0,0.0,0.0,0.0
pos_611_up_down_ms,0.0,0.0,0.0,0.0
pos_611_up_up_ms,0.0,0.0,0.0,0.0
pos_612_down_down_ms,0.0,0.0,0.0,0.0
pos_612_down_up_ms,0.0,0.0,0.0,0.0
pos_612_hold_current_ms,0.0,0.0,0.0,0.0
pos_612_hold_next_ms,0.0,0.0,0.0,0.0
pos_612_up_down_ms,0.0,0.0,0.0,0.0
pos_612_up_up_ms,0.0,0.0,0.0,0.0
pos_613_down_down_ms,0.0,0.0,0.0,0.0
pos_613_down_up_ms,0.0,0.0,0.0,0.0
pos_613_hold_current_ms,0.0,0.0,0.0,0.0
pos_613_hold_next_ms,0.0,0.0,0.0,0.0
pos_613_up_down_ms,0.0,0.0,0.0,0.0
pos_613_up_up_ms,0.0,0.0,0.0,0.0
pos_614_down_down_ms,0.0,0.0,0.0,0.0
pos_614_down_up_ms,0.0,0.0,0.0,0.0
pos_614_hold_current_ms,0.0,0.0,0.0,0.0
pos_614_hold_next_ms,0.0,0.0,0.0,0.0
pos_614_up_down_ms,0.0,0.0,0.0,0.0
pos_614_up_up_ms,0.0,0.0,0.0,0.0
pos_615_down_down_ms,0.0,0.0,0.0,0.0
pos_615_down_up_ms,0.0,0.0,0.0,0.0
pos_615_hold_current_ms,0.0,0.0,0.0,0.0
pos_615_hold_next_ms,0.0,0.0,0.0,0.0
pos_615_up_down_ms,0.0,0.0,0.0,0.0
pos_615_up_up_ms,0.0,0.0,0.0,0.0
pos_616_down_down_ms,0.0,0.0,0.0,0.0
pos_616_down_up_ms,0.0,0.0,0.0,0.0
pos_616_hold_current_ms,0.0,0.0,0.0,0.0
pos_616_hold_next_ms,0.0,0.0,0.0,0.0
pos_616_up_down_ms,0.0,0.0,0.0,0.0
pos_616_up_up_ms,0.0,0.0,0.0,0.0
pos_617_down_down_ms,0.0,0.0,0.0,0.0
pos_617_down_up_ms,0.0,0.0,0.0,0.0
pos_617_hold_current_ms,0.0,0.0,0.0,0.0
pos_617_hold_next_ms,0.0,0.0,0.0,0.0
pos_617_up_down_ms,0.0,0.0,0.0,0.0
pos_617_up_up_ms,0.0,0.0,0.0,0.0
pos_618_down_down_ms,0.0,0.0,0.0,0.0
pos_618_down_up_ms,0.0,0.0,0.0,0.0
pos_618_hold_current_ms,0.0,0.0,0.0,0.0
pos_618_hold_next_ms,0.0,0.0,0.0,0.0
pos_618_up_down_ms,0.0,0.0,0.0,0.0
pos_618_up_up_ms,0.0,0.0,0.0,0.0
pos_619_down_down_ms,0.0,0.0,0.0,0.0
pos_619_down_up_ms,0.0,0.0,0.0,0.0
pos_619_hold_current_ms,0.0,0.0,0.0,0.0
pos_619_hold_next_ms,0.0,0.0,0.0,0.0
pos_619_up_down_ms,0.0,0.0,0.0,0.0
pos_619_up_up_ms,0.0,0.0,0.0,0.0
pos_620_down_down_ms,0.0,0.0,0.0,0.0
pos_620_down_up_ms,0.0,0.0,0.0,0.0
pos_620_hold_current_ms,0.0,0.0,0.0,0.0
pos_620_hold_next_ms,0.0,0.0,0.0,0.0
pos_620_up_down_ms,0.0,0.0,0.0,0.0
pos_620_up_up_ms,0.0,0.0,0.0,0.0
pos_621_down_down_ms,0.0,0.0,0.0,0.0
pos_621_down_up_ms,0.0,0.0,0.0,0.0
pos_621_hold_current_ms,0.0,0.0,0.0,0.0
pos_621_hold_next_ms,0.0,0.0,0.0,0.0
pos_621_up_down_ms,0.0,0.0,0.0,0.0
pos_621_up_up_ms,0.0,0.0,0.0,0.0
pos_622_down_down_ms,0.0,0.0,0.0,0.0
pos_622_down_up_ms,0.0,0.0,0.0,0.0
pos_622_hold_current_ms,0.0,0.0,0.0,0.0
pos_622_hold_next_ms,0.0,0.0,0.0,0.0
pos_622_up_down_ms,0.0,0.0,0.0,0.0
pos_622_up_up_ms,0.0,0.0,0.0,0.0
pos_623_down_down_ms,0.0,0.0,0.0,0.0
pos_623_down_up_ms,0.0,0.0,0.0,0.0
pos_623_hold_current_ms,0.0,0.0,0.0,0.0
pos_623_hold_next_ms,0.0,0.0,0.0,0.0
pos_623_up_down_ms,0.0,0.0,0.0,0.0
pos_623_up_up_ms,0.0,0.0,0.0,0.0
pos_624_down_down_ms,0.0,0.0,0.0,0.0
pos_624_down_up_ms,0.0,0.0,0.0,0.0
pos_624_hold_current_ms,0.0,0.0,0.0,0.0
pos_624_hold_next_ms,0.0,0.0,0.0,0.0
pos_624_up_down_ms,0.0,0.0,0.0,0.0
pos_624_up_up_ms,0.0,0.0,0.0,0.0
pos_625_down_down_ms,0.0,0.0,0.0,0.0
pos_625_down_up_ms,0.0,0.0,0.0,0.0
pos_625_hold_current_ms,0.0,0.0,0.0,0.0
pos_625_hold_next_ms,0.0,0.0,0.0,0.0
pos_625_up_down_ms,0.0,0.0,0.0,0.0
pos_625_up_up_ms,0.0,0.0,0.0,0.0
pos_626_down_down_ms,0.0,0.0,0.0,0.0
pos_626_down_up_ms,0.0,0.0,0.0,0.0
pos_626_hold_current_ms,0.0,0.0,0.0,0.0
pos_626_hold_next_ms,0.0,0.0,0.0,0.0
pos_626_up_down_ms,0.0,0.0,0.0,0.0
pos_626_up_up_ms,0.0,0.0,0.0,0.0
pos_627_down_down_ms,0.0,0.0,0.0,0.0
pos_627_down_up_ms,0.0,0.0,0.0,0.0
pos_627_hold_current_ms,0.0,0.0,0.0,0.0
pos_627_hold_next_ms,0.0,0.0,0.0,0.0
pos_627_up_down_ms,0.0,0.0,0.0,0.0
pos_627_up_up_ms,0.0,0.0,0.0,0.0
pos_628_down_down_ms,0.0,0.0,0.0,0.0
pos_628_down_up_ms,0.0,0.0,0.0,0.0
pos_628_hold_current_ms,0.0,0.0,0.0,0.0
pos_628_hold_next_ms,0.0,0.0,0.0,0.0
pos_628_up_down_ms,0.0,0.0,0.0,0.0
pos_628_up_up_ms,0.0,0.0,0.0,0.0
pos_629_down_down_ms,0.0,0.0,0.0,0.0
pos_629_down_up_ms,0.0,0.0,0.0,0.0
pos_629_hold_current_ms,0.0,0.0,0.0,0.0
pos_629_hold_next_ms,0.0,0.0,0.0,0.0
pos_629_up_down_ms,0.0,0.0,0.0,0.0
pos_629_up_up_ms,0.0,0.0,0.0,0.0
pos_630_down_down_ms,0.0,0.0,0.0,0.0
pos_630_down_up_ms,0.0,0.0,0.0,0.0
pos_630_hold_current_ms,0.0,0.0,0.0,0.0
pos_630_hold_next_ms,0.0,0.0,0.0,0.0
pos_630_up_down_ms,0.0,0.0,0.0,0.0
pos_630_up_up_ms,0.0,0.0,0.0,0.0
pos_631_down_down_ms,0.0,0.0,0.0,0.0
pos_631_down_up_ms,0.0,0.0,0.0,0.0
pos_631_hold_current_ms,0.0,0.0,0.0,0.0
pos_631_hold_next_ms,0.0,0.0,0.0,0.0
pos_631_up_down_ms,0.0,0.0,0.0,0.0
pos_631_up_up_ms,0.0,0.0,0.0,0.0
pos_632_down_down_ms,0.0,0.0,0.0,0.0
pos_632_down_up_ms,0.0,0.0,0.0,0.0
pos_632_hold_current_ms,0.0,0.0,0.0,0.0
pos_632_hold_next_ms,0.0,0.0,0.0,0.0
pos_632_up_down_ms,0.0,0.0,0.0,0.0
pos_632_up_up_ms,0.0,0.0,0.0,0.0
pos_633_down_down_ms,0.0,0.0,0.0,0.0
pos_633_down_up_ms,0.0,0.0,0.0,0.0
pos_633_hold_current_ms,0.0,0.0,0.0,0.0
pos_633_hold_next_ms,0.0,0.0,0.0,0.0
pos_633_up_down_ms,0.0,0.0,0.0,0.0
pos_633_up_up_ms,0.0,0.0,0.0,0.0
pos_634_down_down_ms,0.0,0.0,0.0,0.0
pos_634_down_up_ms,0.0,0.0,0.0,0.0
pos_634_hold_current_ms,0.0,0.0,0.0,0.0
pos_634_hold_next_ms,0.0,0.0,0.0,0.0
pos_634_up_down_ms,0.0,0.0,0.0,0.0
pos_634_up_up_ms,0.0,0.0,0.0,0.0
pos_635_down_down_ms,0.0,0.0,0.0,0.0
pos_635_down_up_ms,0.0,0.0,0.0,0.0
pos_635_hold_current_ms,0.0,0.0,0.0,0.0
pos_635_hold_next_ms,0.0,0.0,0.0,0.0
pos_635_up_down_ms,0.0,0.0,0.0,0.0
pos_635_up_up_ms,0.0,0.0,0.0,0.0
pos_636_down_down_ms,0.0,0.0,0.0,0.0
pos_636_down_up_ms,0.0,0.0,0.0,0.0
pos_636_hold_current_ms,0.0,0.0,0.0,0.0
pos_636_hold_next_ms,0.0,0.0,0.0,0.0
pos_636_up_down_ms,0.0,0.0,0.0,0.0
pos_636_up_up_ms,0.0,0.0,0.0,0.0
pos_637_down_down_ms,0.0,0.0,0.0,0.0
pos_637_down_up_ms,0.0,0.0,0.0,0.0
pos_637_hold_current_ms,0.0,0.0,0.0,0.0
pos_637_hold_next_ms,0.0,0.0,0.0,0.0
pos_637_up_down_ms,0.0,0.0,0.0,0.0
pos_637_up_up_ms,0.0,0.0,0.0,0.0
pos_638_down_down_ms,0.0,0.0,0.0,0.0
pos_638_down_up_ms,0.0,0.0,0.0,0.0
pos_638_hold_current_ms,0.0,0.0,0.0,0.0
pos_638_hold_next_ms,0.0,0.0,0.0,0.0
pos_638_up_down_ms,0.0,0.0,0.0,0.0
pos_638_up_up_ms,0.0,0.0,0.0,0.0
pos_639_down_down_ms,0.0,0.0,0.0,0.0
pos_639_down_up_ms,0.0,0.0,0.0,0.0
pos_639_hold_current_ms,0.0,0.0,0.0,0.0
pos_639_hold_next_ms,0.0,0.0,0.0,0.0
pos_639_up_down_ms,0.0,0.0,0.0,0.0
pos_639_up_up_ms,0.0,0.0,0.0,0.0
pos_640_down_down_ms,0.0,0.0,0.0,0.0
pos_640_down_up_ms,0.0,0.0,0.0,0.0
pos_640_hold_current_ms,0.0,0.0,0.0,0.0
pos_640_hold_next_ms,0.0,0.0,0.0,0.0
pos_640_up_down_ms,0.0,0.0,0.0,0.0
pos_640_up_up_ms,0.0,0.0,0.0,0.0
pos_641_down_down_ms,0.0,0.0,0.0,0.0
pos_641_down_up_ms,0.0,0.0,0.0,0.0
pos_641_hold_current_ms,0.0,0.0,0.0,0.0
pos_641_hold_next_ms,0.0,0.0,0.0,0.0
pos_641_up_down_ms,0.0,0.0,0.0,0.0
pos_641_up_up_ms,0.0,0.0,0.0,0.0
