Model,FAR,FRR,EER,Accuracy,AUC,Inference Time (ms/sample),UI Blocking Time (ms/test batch),Peak Memory During Inference (MB),Min Genuine Samples for EER < 10%
Scaled Manhattan Distance,0.21224489795918366,0.2,0.2061224489795918,0.788,0.8493367346938776,0.0018005419988185167,1.8005419988185167,29.41913604736328,Not reached
LightGBM Classifier,0.14387755102040817,0.15,0.1469387755102041,0.856,0.9162244897959183,0.0019171250005456386,1.9171250005456386,0.01383209228515625,Not reached
1D-CNN,0.3193877551020408,0.3,0.3096938775510204,0.681,0.7119897959183673,0.10532608299945423,105.32608299945423,14.980634689331055,Not reached
