Model,FAR,FRR,EER,Accuracy,AUC,Inference Time (ms/sample),UI Blocking Time (ms/test batch),Peak Memory During Inference (MB),Min Genuine Samples for EER < 10%
Scaled Manhattan Distance,0.4476,0.47,0.4588,0.5519607843137255,0.637326,3.1683137279412455e-05,0.1615840001250035,1.2387466430664062,Not reached
LightGBM Classifier,0.2404,0.24,0.2402,0.7596078431372549,0.851182,0.0007016501960749213,3.5784159999820986,0.06072235107421875,Not reached
1D-CNN,0.3744,0.37,0.3722,0.625686274509804,0.760838,0.022794199411887973,116.25041700062866,0.8893651962280273,Not reached
