Model,FAR,FRR,EER,Accuracy,AUC,Inference Time (ms/sample),UI Blocking Time (ms/test batch),Peak Memory During Inference (MB),Min Genuine Samples for EER < 10%
Scaled Manhattan Distance,0.23616666666666666,0.14166666666666666,0.17675000000000002,0.765686274509804,0.8939013888888889,3.231895426604014e-05,0.19779200010816567,1.4799880981445312,Not reached
LightGBM Classifier,0.0015,0.5,0.024666666666666677,0.9887254901960785,0.9958208333333334,0.0009396650326154153,5.750749999606342,0.19913959503173828,50
1D-CNN,0.07266666666666667,0.125,0.09325,0.9263071895424837,0.970088888888889,0.01022035000008389,62.54854200051341,0.8938417434692383,200
